Workbook

Sheet Summary (UNCLASS)
B1: RLT-3 | E1: RLT-7 | H1: RLT-4 | K1: 12TH MAR | N1: HQBN | Q1: 3d LAR | T1: 3d RECON | W1: 3d LE Bn | Z1: AATF TACON V31 | AC1: 1ST CEB H&S CO ENG SPT CO | AF1: 3D MARDIV TOTAL
A2: PAX | B2: ='RLT3 (UNCLASS)'!E7 -> 0 | E2: ='RLT7(UNCLASS)'!E7 -> 0 | H2: ='RLT4(UNCLASS)'!E7 -> 0 | K2: ='12TH REG(UNCLASS)'!E7 -> 0 | N2: ='HQBN(UNCLASS)'!E7 -> 0 | Q2: ='LAR(UNCLASS)'!E7 -> 0 | T2: ='RECON(UNCLASS)'!E7 -> 0 | W2: ='LE(UNCLASS)'!E7 -> 0 | Z2: ='AATF(UNCLASS)'!E7 -> 0 | AC2: ='CEB(UNCLASS)'!E7 -> 0 | AF2: =SUM(B2,E2,H2,K2,N2,Q2,T2,W2,Z2,AC2) -> 0 | AI2: PAX
A3: CLASS I CHOW ASLT RATE (3 M/M/D) | B3: 1 DOS | C3: 3 DOS | E3: 1 DOS | F3: 3 DOS | H3: 1 DOS | I3: 3 DOS | K3: 1 DOS | L3: 3 DOS | N3: 1 DOS | O3: 3 DOS | Q3: 1 DOS | R3: 3 DOS | T3: 1 DOS | U3: 3 DOS | W3: 1 DOS | X3: 3 DOS | Z3: 1 DOS | AA3: 3 DOS | AC3: 1 DOS | AD3: 3 DOS | AF3: 1 DOS | AG3: 3 DOS | AI3: CLASS I CHOW ASLT RATE (3 M/M/D)
A4: PALLETS | B4: ='RLT3 (UNCLASS)'!F23 -> 0 | C4: =B4*3 -> 0 | E4: ='RLT7(UNCLASS)'!F23 -> 0 | F4: =E4*3 -> 0 | H4: ='RLT4(UNCLASS)'!F23 -> 0 | I4: =H4*3 -> 0 | K4: ='12TH REG(UNCLASS)'!F23 -> 0 | L4: =K4*3 -> 0 | N4: ='HQBN(UNCLASS)'!F23 -> 0 | O4: =N4*3 -> 0 | Q4: ='LAR(UNCLASS)'!F23 -> 0 | R4: =Q4*3 -> 0 | T4: ='RECON(UNCLASS)'!F23 -> 0 | U4: =T4*3 -> 0 | W4: ='LE(UNCLASS)'!F23 -> 0 | X4: =W4*3 -> 0 | Z4: ='AATF(UNCLASS)'!F23 -> 0 | AA4: =Z4*3 -> 0 | AC4: ='CEB(UNCLASS)'!F23 -> 0 | AD4: =AC4*3 -> 0 | AF4: =SUM(B4,E4,H4,K4,N4,Q4,T4,W4, Z4,AC4) -> 0 | AG4: =AF4*3 -> 0 | AI4: PALLETS
A5: SHORT TONS | B5: ='RLT3 (UNCLASS)'!F24 -> 0 | C5: =B5*3 -> 0 | E5: ='RLT7(UNCLASS)'!F24 -> 0 | F5: =E5*3 -> 0 | H5: ='RLT4(UNCLASS)'!F24 -> 0 | I5: =H5*3 -> 0 | K5: ='12TH REG(UNCLASS)'!F24 -> 0 | L5: =K5*3 -> 0 | N5: ='HQBN(UNCLASS)'!F24 -> 0 | O5: =N5*3 -> 0 | Q5: ='LAR(UNCLASS)'!F24 -> 0 | R5: =Q5*3 -> 0 | T5: ='RECON(UNCLASS)'!F24 -> 0 | U5: =T5*3 -> 0 | W5: ='LE(UNCLASS)'!F24 -> 0 | X5: =W5*3 -> 0 | Z5: ='AATF(UNCLASS)'!F24 -> 0 | AA5: =Z5*3 -> 0 | AC5: ='CEB(UNCLASS)'!F24 -> 0 | AD5: =AC5*3 -> 0 | AF5: =SUM(B5,E5,H5,K5,N5,Q5,T5,W5,Z5,AC5) -> 0 | AG5: =AF5*3 -> 0 | AI5: SHORT TONS
A6: TEU (PALLET BASED) | B6: =B4/16 -> 0 | C6: =B6*3 -> 0 | E6: =E4/16 -> 0 | F6: =E6*3 -> 0 | H6: =H4/16 -> 0 | I6: =H6*3 -> 0 | K6: =K4/16 -> 0 | L6: =K6*3 -> 0 | N6: =N4/16 -> 0 | O6: =N6*3 -> 0 | Q6: =Q4/16 -> 0 | R6: =Q6*3 -> 0 | T6: =T4/16 -> 0 | U6: =T6*3 -> 0 | W6: =W4/16 -> 0 | X6: =W6*3 -> 0 | Z6: =Z4/16 -> 0 | AA6: =Z6*3 -> 0 | AC6: =AC4/16 -> 0 | AD6: =AC6*3 -> 0 | AF6: =SUM(B6,E6,H6,K6,N6,Q6,T6,W6,Z6,AC6) -> 0 | AG6: =AF6*3 -> 0 | AI6: TEU (PALLET BASED)
A7: CLASS I CHOW SUST RATE (3 M/M/D) | B7: 1 DOS | C7: 3 DOS | E7: 1 DOS | F7: 3 DOS | H7: 1 DOS | I7: 3 DOS | K7: 1 DOS | L7: 3 DOS | N7: 1 DOS | O7: 3 DOS | Q7: 1 DOS | R7: 3 DOS | T7: 1 DOS | U7: 3 DOS | W7: 1 DOS | X7: 3 DOS | Z7: 1 DOS | AA7: 3 DOS | AC7: 1 DOS | AD7: 3 DOS | AF7: 1 DOS | AG7: 3 DOS | AI7: CLASS I CHOW SUST RATE (3 M/M/D)
A8: PALLETS | B8: =B4 -> 0 | C8: =C4 -> 0 | E8: =E4 -> 0 | F8: =F4 -> 0 | H8: =H4 -> 0 | I8: =I4 -> 0 | K8: =K4 -> 0 | L8: =L4 -> 0 | N8: =N4 -> 0 | O8: =O4 -> 0 | Q8: =Q4 -> 0 | R8: =R4 -> 0 | T8: =T4 -> 0 | U8: =U4 -> 0 | W8: =W4 -> 0 | X8: =X4 -> 0 | Z8: =Z4 -> 0 | AA8: =AA4 -> 0 | AC8: =AC4 -> 0 | AD8: =AD4 -> 0 | AF8: =SUM(B8,E8,H8,K8,N8,Q8,T8,W8,Z8,AC8) -> 0 | AG8: =AF8*3 -> 0 | AI8: PALLETS
A9: SHORT TONS | B9: ='Summary (UNCLASS)'!B8*1098/2000 -> 0 | C9: =B9*3 -> 0 | E9: ='Summary (UNCLASS)'!E8*1098/2000 -> 0 | F9: =E9*3 -> 0 | H9: ='Summary (UNCLASS)'!H8*1098/2000 -> 0 | I9: =H9*3 -> 0 | K9: ='Summary (UNCLASS)'!K8*1098/2000 -> 0 | L9: =K9*3 -> 0 | N9: ='Summary (UNCLASS)'!N8*1098/2000 -> 0 | O9: =N9*3 -> 0 | Q9: ='Summary (UNCLASS)'!Q8*1098/2000 -> 0 | R9: =Q9*3 -> 0 | T9: ='Summary (UNCLASS)'!T8*1098/2000 -> 0 | U9: =T9*3 -> 0 | W9: ='Summary (UNCLASS)'!W8*1098/2000 -> 0 | X9: =W9*3 -> 0 | Z9: ='Summary (UNCLASS)'!Z8*1098/2000 -> 0 | AA9: =Z9*3 -> 0 | AC9: ='Summary (UNCLASS)'!AC8*1098/2000 -> 0 | AD9: =AC9*3 -> 0 | AF9: =SUM(B9,E9,H9,K9,N9,Q9,T9,W9,Z9,AC9) -> 0 | AG9: =AF9*3 -> 0 | AI9: SHORT TONS
A10: SB MTVR | B10: =B8/12 -> 0 | C10: =C8/12 -> 0 | E10: =E8/12 -> 0 | F10: =F8/12 -> 0 | H10: =H8/12 -> 0 | I10: =I8/12 -> 0 | K10: =K8/12 -> 0 | L10: =L8/12 -> 0 | N10: =N8/12 -> 0 | O10: =O8/12 -> 0 | Q10: =Q8/12 -> 0 | R10: =R8/12 -> 0 | T10: =T8/12 -> 0 | U10: =U8/12 -> 0 | W10: =W8/12 -> 0 | X10: =X8/12 -> 0 | Z10: =Z8/12 -> 0 | AA10: =AA8/12 -> 0 | AC10: =AC8/12 -> 0 | AD10: =AD8/12 -> 0 | AF10: =SUM(B10,E10,H10,K10,N10,Q10,T10,W10,Z10,AC10) -> 0 | AG10: =AF10*3 -> 0 | AI10: SB MTVR
A11: TEU (PALLET BASED) | B11: =B8/16 -> 0 | C11: =B11*3 -> 0 | E11: =E8/16 -> 0 | F11: =E11*3 -> 0 | H11: =H8/16 -> 0 | I11: =H11*3 -> 0 | K11: =K8/16 -> 0 | L11: =K11*3 -> 0 | N11: =N8/16 -> 0 | O11: =N11*3 -> 0 | Q11: =Q8/16 -> 0 | R11: =Q11*3 -> 0 | T11: =T8/16 -> 0 | U11: =T11*3 -> 0 | W11: =W8/16 -> 0 | X11: =W11*3 -> 0 | Z11: =Z8/16 -> 0 | AA11: =Z11*3 -> 0 | AC11: =AC8/16 -> 0 | AD11: =AC11*3 -> 0 | AF11: =SUM(B11,E11,H11,K11,N11,Q11,T11,W11,Z11,AC11) -> 0 | AG11: =AF11*3 -> 0 | AI11: TEU (PALLET BASED)
A12: CLASS I WATER ASLT RATE (2 GAL/M/D) | B12: 1 DOS | C12: 3 DOS | E12: 1 DOS | F12: 3 DOS | H12: 1 DOS | I12: 3 DOS | K12: 1 DOS | L12: 3 DOS | N12: 1 DOS | O12: 3 DOS | Q12: 1 DOS | R12: 3 DOS | T12: 1 DOS | U12: 3 DOS | W12: 1 DOS | X12: 3 DOS | Z12: 1 DOS | AA12: 3 DOS | AC12: 1 DOS | AD12: 3 DOS | AF12: 1 DOS | AG12: 3 DOS | AI12: CLASS I WATER ASLT RATE (2 GAL/M/D)
A13: GALLONS | B13: ='RLT3 (UNCLASS)'!F43 -> 0 | C13: =B13*3 -> 0 | E13: ='RLT7(UNCLASS)'!F43 -> 0 | F13: =E13*3 -> 0 | H13: ='RLT4(UNCLASS)'!F43 -> 0 | I13: =H13*3 -> 0 | K13: ='12TH REG(UNCLASS)'!F43 -> 0 | L13: =K13*3 -> 0 | N13: ='HQBN(UNCLASS)'!F43 -> 0 | O13: =N13*3 -> 0 | Q13: ='LAR(UNCLASS)'!F43 -> 0 | R13: =Q13*3 -> 0 | T13: ='RECON(UNCLASS)'!F43 -> 0 | U13: =T13*3 -> 0 | W13: ='LE(UNCLASS)'!F43 -> 0 | X13: =W13*3 -> 0 | Z13: ='AATF(UNCLASS)'!F43 -> 0 | AA13: =Z13*3 -> 0 | AC13: ='CEB(UNCLASS)'!F43 -> 0 | AD13: =AC13*3 -> 0 | AF13: =SUM(B13,E13,H13,K13,N13,Q13,T13,W13,Z13,AC13) -> 0 | AG13: =AF13*3 -> 0 | AI13: GALLONS
A14: SHORT TONS | B14: ='RLT3 (UNCLASS)'!F44 -> 0 | C14: =B14*3 -> 0 | E14: ='RLT7(UNCLASS)'!F44 -> 0 | F14: =E14*3 -> 0 | H14: ='RLT4(UNCLASS)'!F44 -> 0 | I14: =H14*3 -> 0 | K14: ='12TH REG(UNCLASS)'!F44 -> 0 | L14: =K14*3 -> 0 | N14: ='HQBN(UNCLASS)'!F44 -> 0 | O14: =N14*3 -> 0 | Q14: ='LAR(UNCLASS)'!F44 -> 0 | R14: =Q14*3 -> 0 | T14: ='RECON(UNCLASS)'!F44 -> 0 | U14: =T14*3 -> 0 | W14: ='LE(UNCLASS)'!F44 -> 0 | X14: =W14*3 -> 0 | Z14: ='AATF(UNCLASS)'!F44 -> 0 | AA14: =Z14*3 -> 0 | AC14: ='CEB(UNCLASS)'!F44 -> 0 | AD14: =AC14*3 -> 0 | AF14: =SUM(B14,E14,H14,K14,N14,Q14,T14,W14,Z14,AC14) -> 0 | AG14: =AF14*3 -> 0 | AI14: SHORT TONS
A15: SIXCON REQ (900 GAL PER) | B15: =B13/900 -> 0 | C15: =B15*3 -> 0 | E15: =E13/900 -> 0 | F15: =E15*3 -> 0 | H15: =H13/900 -> 0 | I15: =H15*3 -> 0 | K15: =K13/900 -> 0 | L15: =K15*3 -> 0 | N15: =N13/900 -> 0 | O15: =N15*3 -> 0 | Q15: =Q13/900 -> 0 | R15: =Q15*3 -> 0 | T15: =T13/900 -> 0 | U15: =T15*3 -> 0 | W15: =W13/900 -> 0 | X15: =W15*3 -> 0 | Z15: =Z13/900 -> 0 | AA15: =Z15*3 -> 0 | AC15: =AC13/900 -> 0 | AD15: =AC15*3 -> 0 | AF15: =SUM(B15,E15,H15,K15,N15,Q15,T15,W15,Z15,AC15) -> 0 | AG15: =AF15*3 -> 0 | AI15: SIXCON REQ (900 GAL PER)
A16: TEU (SIXCON BASE) | B16: =B15/4 -> 0 | C16: =B16*3 -> 0 | E16: =E15/4 -> 0 | F16: =E16*3 -> 0 | H16: =H15/4 -> 0 | I16: =H16*3 -> 0 | K16: =K15/4 -> 0 | L16: =K16*3 -> 0 | N16: =N15/4 -> 0 | O16: =N16*3 -> 0 | Q16: =Q15/4 -> 0 | R16: =Q16*3 -> 0 | T16: =T15/4 -> 0 | U16: =T16*3 -> 0 | W16: =W15/4 -> 0 | X16: =W16*3 -> 0 | Z16: =Z15/4 -> 0 | AA16: =Z16*3 -> 0 | AC16: =AC15/4 -> 0 | AD16: =AC16*3 -> 0 | AF16: =SUM(B16,E16,H16,K16,N16,Q16,T16,W16, Z16,AC16) -> 0 | AG16: =AF16*3 -> 0 | AI16: TEU (SIXCON BASE)
A17: CLASS I WATER SUST RATE (7 GAL/M/D) | B17: 1 DOS | C17: 3 DOS | E17: 1 DOS | F17: 3 DOS | H17: 1 DOS | I17: 3 DOS | K17: 1 DOS | L17: 3 DOS | N17: 1 DOS | O17: 3 DOS | Q17: 1 DOS | R17: 3 DOS | T17: 1 DOS | U17: 3 DOS | W17: 1 DOS | X17: 3 DOS | Z17: 1 DOS | AA17: 3 DOS | AC17: 1 DOS | AD17: 3 DOS | AF17: 1 DOS | AG17: 3 DOS | AI17: CLASS I WATER SUST RATE (7 GAL/M/D)
A18: GALLONS | B18: ='RLT3 (UNCLASS)'!F47 -> 0 | C18: =B18*3 -> 0 | E18: ='RLT7(UNCLASS)'!F47 -> 0 | F18: =E18*3 -> 0 | H18: ='RLT4(UNCLASS)'!F47 -> 0 | I18: =H18*3 -> 0 | K18: ='12TH REG(UNCLASS)'!F47 -> 0 | L18: =K18*3 -> 0 | N18: ='HQBN(UNCLASS)'!F47 -> 0 | O18: =N18*3 -> 0 | Q18: ='LAR(UNCLASS)'!F47 -> 0 | R18: =Q18*3 -> 0 | T18: ='RECON(UNCLASS)'!F47 -> 0 | U18: =T18*3 -> 0 | W18: ='LE(UNCLASS)'!F47 -> 0 | X18: =W18*3 -> 0 | Z18: ='AATF(UNCLASS)'!F47 -> 0 | AA18: =Z18*3 -> 0 | AC18: ='CEB(UNCLASS)'!F47 -> 0 | AD18: =AC18*3 -> 0 | AF18: =SUM(B18,E18,H18,K18,N18,Q18,T18,W18, Z18,AC18) -> 0 | AG18: =AF18*3 -> 0 | AI18: GALLONS
A19: SHORT TONS | B19: ='RLT3 (UNCLASS)'!F48 -> 0 | C19: =B19*3 -> 0 | E19: ='RLT7(UNCLASS)'!F48 -> 0 | F19: =E19*3 -> 0 | H19: ='RLT4(UNCLASS)'!F48 -> 0 | I19: =H19*3 -> 0 | K19: ='12TH REG(UNCLASS)'!F48 -> 0 | L19: =K19*3 -> 0 | N19: ='HQBN(UNCLASS)'!F48 -> 0 | O19: =N19*3 -> 0 | Q19: ='LAR(UNCLASS)'!F48 -> 0 | R19: =Q19*3 -> 0 | T19: ='RECON(UNCLASS)'!F48 -> 0 | U19: =T19*3 -> 0 | W19: ='LE(UNCLASS)'!F48 -> 0 | X19: =W19*3 -> 0 | Z19: ='AATF(UNCLASS)'!F48 -> 0 | AA19: =Z19*3 -> 0 | AC19: ='CEB(UNCLASS)'!F48 -> 0 | AD19: =AC19*3 -> 0 | AF19: =SUM(B19,E19,H19,K19,N19,Q19,T19,W19,Z19,AC19) -> 0 | AG19: =AF19*3 -> 0 | AI19: SHORT TONS
A20: SIXCON REQ (900 GAL PER) | B20: =B18/900 -> 0 | C20: =B20*3 -> 0 | E20: =E18/900 -> 0 | F20: =E20*3 -> 0 | H20: =H18/900 -> 0 | I20: =H20*3 -> 0 | K20: =K18/900 -> 0 | L20: =K20*3 -> 0 | N20: =N18/900 -> 0 | O20: =N20*3 -> 0 | Q20: =Q18/900 -> 0 | R20: =Q20*3 -> 0 | T20: =T18/900 -> 0 | U20: =T20*3 -> 0 | W20: =W18/900 -> 0 | X20: =W20*3 -> 0 | Z20: =Z18/900 -> 0 | AA20: =Z20*3 -> 0 | AC20: =AC18/900 -> 0 | AD20: =AC20*3 -> 0 | AF20: =SUM(B20,E20,H20,K20,N20,Q20,T20,W20,Z20,AC20) -> 0 | AG20: =AF20*3 -> 0 | AI20: SIXCON REQ (900 GAL PER)
A21: TEU (SIXCON BASE) | B21: =B20/4 -> 0 | C21: =B21*3 -> 0 | E21: =E20/4 -> 0 | F21: =E21*3 -> 0 | H21: =H20/4 -> 0 | I21: =H21*3 -> 0 | K21: =K20/4 -> 0 | L21: =K21*3 -> 0 | N21: =N20/4 -> 0 | O21: =N21*3 -> 0 | Q21: =Q20/4 -> 0 | R21: =Q21*3 -> 0 | T21: =T20/4 -> 0 | U21: =T21*3 -> 0 | W21: =W20/4 -> 0 | X21: =W21*3 -> 0 | Z21: =Z20/4 -> 0 | AA21: =Z21*3 -> 0 | AC21: =AC20/4 -> 0 | AD21: =AC21*3 -> 0 | AF21: =SUM(B21,E21,H21,K21,N21,Q21,T21,W21,Z21,AC21) -> 0 | AG21: =AF21*3 -> 0 | AI21: TEU (SIXCON BASE)
A22: CLASS II (NE ASIA RATE 2017 MSTP) | B22: 1 DOS | C22: 3 DOS | E22: 1 DOS | F22: 3 DOS | H22: 1 DOS | I22: 3 DOS | K22: 1 DOS | L22: 3 DOS | N22: 1 DOS | O22: 3 DOS | Q22: 1 DOS | R22: 3 DOS | T22: 1 DOS | U22: 3 DOS | W22: 1 DOS | X22: 3 DOS | Z22: 1 DOS | AA22: 3 DOS | AC22: 1 DOS | AD22: 3 DOS | AF22: 1 DOS | AG22: 3 DOS | AI22: CLASS II (NE ASIA RATE 2017 MSTP)
A23: SHORT TONS | B23: ='RLT3 (UNCLASS)'!F52 -> 0 | C23: =B23*3 -> 0 | E23: ='RLT7(UNCLASS)'!F52 -> 0 | F23: =E23*3 -> 0 | H23: ='RLT4(UNCLASS)'!F52 -> 0 | I23: =H23*3 -> 0 | K23: ='12TH REG(UNCLASS)'!F52 -> 0 | L23: =K23*3 -> 0 | N23: ='HQBN(UNCLASS)'!F52 -> 0 | O23: =N23*3 -> 0 | Q23: ='LAR(UNCLASS)'!F52 -> 0 | R23: =Q23*3 -> 0 | T23: ='RECON(UNCLASS)'!F52 -> 0 | U23: =T23*3 -> 0 | W23: ='LE(UNCLASS)'!F52 -> 0 | X23: =W23*3 -> 0 | Z23: ='AATF(UNCLASS)'!F52 -> 0 | AA23: =Z23*3 -> 0 | AC23: ='CEB(UNCLASS)'!F52 -> 0 | AD23: =AC23*3 -> 0 | AF23: =SUM(B23,E23,H23,K23,N23,Q23,T23,W23,Z23,AC23) -> 0 | AG23: =AF23*3 -> 0 | AI23: SHORT TONS
A24: TEU (MTVR BASED) | B24: ='RLT3 (UNCLASS)'!F53 -> 0 | C24: =B24*3 -> 0 | E24: ='RLT7(UNCLASS)'!F53 -> 0 | F24: =E24*3 -> 0 | H24: ='RLT4(UNCLASS)'!F53 -> 0 | I24: =H24*3 -> 0 | K24: ='12TH REG(UNCLASS)'!F53 -> 0 | L24: =K24*3 -> 0 | N24: ='HQBN(UNCLASS)'!F53 -> 0 | O24: =N24*3 -> 0 | Q24: ='LAR(UNCLASS)'!F53 -> 0 | R24: =Q24*3 -> 0 | T24: ='RECON(UNCLASS)'!F53 -> 0 | U24: =T24*3 -> 0 | W24: ='LE(UNCLASS)'!F53 -> 0 | X24: =W24*3 -> 0 | Z24: ='AATF(UNCLASS)'!F53 -> 0 | AA24: =Z24*3 -> 0 | AC24: ='CEB(UNCLASS)'!F53 -> 0 | AD24: =AC24*3 -> 0 | AF24: =SUM(B24,E24,H24,K24,N24,Q24,T24,W24,Z24,AC24) -> 0 | AG24: =AF24*3 -> 0 | AI24: TEU (MTVR BASED)
A25: CLASS III BULK FUEL BINGO | B25: 1 DOS | C25: 3 DOS | E25: 1 DOS | F25: 3 DOS | H25: 1 DOS | I25: 3 DOS | K25: 1 DOS | L25: 3 DOS | N25: 1 DOS | O25: 3 DOS | Q25: 1 DOS | R25: 3 DOS | T25: 1 DOS | U25: 3 DOS | W25: 1 DOS | X25: 3 DOS | Z25: 1 DOS | AA25: 3 DOS | AC25: 1 DOS | AD25: 3 DOS | AF25: 1 DOS | AG25: 3 DOS | AI25: CLASS III BULK FUEL BINGO
A26: GALLONS | B26: ='RLT3 (UNCLASS)'!F56 -> 0 | E26: ='RLT7(UNCLASS)'!F56 -> 0 | H26: ='RLT4(UNCLASS)'!F56 -> 0 | K26: ='12TH REG(UNCLASS)'!F56 -> 0 | N26: ='HQBN(UNCLASS)'!F56 -> 0 | Q26: ='LAR(UNCLASS)'!F56 -> 0 | T26: ='RECON(UNCLASS)'!F56 -> 0 | W26: ='LE(UNCLASS)'!F56 -> 0 | Z26: ='AATF(UNCLASS)'!F56 -> 0 | AC26: ='CEB(UNCLASS)'!F56 -> 0 | AF26: =SUM(B26,E26,H26,K26,N26,Q26,T26,W26,Z26,AC26) -> 0 | AG26: =SUM(C26,F26,I26,L26,O26,R26,U26,X26) -> 0 | AI26: GALLONS
A27: CLASS III BULK FUEL ASSAULT RATE | B27: 1 DOS | C27: 3 DOS | E27: 1 DOS | F27: 3 DOS | H27: 1 DOS | I27: 3 DOS | K27: 1 DOS | L27: 3 DOS | N27: 1 DOS | O27: 3 DOS | Q27: 1 DOS | R27: 3 DOS | T27: 1 DOS | U27: 3 DOS | W27: 1 DOS | X27: 3 DOS | Z27: 1 DOS | AA27: 3 DOS | AC27: 1 DOS | AD27: 3 DOS | AF27: 1 DOS | AG27: 3 DOS | AI27: CLASS III BULK FUEL ASSAULT RATE
A28: GALLONS | B28: ='RLT3 (UNCLASS)'!F59 -> 0 | C28: =B28*3 -> 0 | E28: ='RLT7(UNCLASS)'!F59 -> 0 | F28: =E28*3 -> 0 | H28: ='RLT4(UNCLASS)'!F59 -> 0 | I28: =H28*3 -> 0 | K28: ='12TH REG(UNCLASS)'!F59 -> 0 | L28: =K28*3 -> 0 | N28: ='HQBN(UNCLASS)'!F59 -> 0 | O28: =N28*3 -> 0 | Q28: ='LAR(UNCLASS)'!F59 -> 0 | R28: =Q28*3 -> 0 | T28: ='RECON(UNCLASS)'!F59 -> 0 | U28: =T28*3 -> 0 | W28: ='LE(UNCLASS)'!F59 -> 0 | X28: =W28*3 -> 0 | Z28: ='AATF(UNCLASS)'!F59 -> 0 | AA28: =Z28*3 -> 0 | AC28: ='CEB(UNCLASS)'!F59 -> 0 | AD28: =AC28*3 -> 0 | AF28: =SUM(B28,E28,H28,K28,N28,Q28,T28,W28,Z28,AC28) -> 0 | AG28: =AF28*3 -> 0 | AI28: GALLONS
A29: SHORT TONS | B29: ='RLT3 (UNCLASS)'!F60 -> 0 | C29: =B29*3 -> 0 | E29: ='RLT7(UNCLASS)'!F60 -> 0 | F29: =E29*3 -> 0 | H29: ='RLT4(UNCLASS)'!F60 -> 0 | I29: =H29*3 -> 0 | K29: ='12TH REG(UNCLASS)'!F60 -> 0 | L29: =K29*3 -> 0 | N29: ='HQBN(UNCLASS)'!F60 -> 0 | O29: =N29*3 -> 0 | Q29: ='LAR(UNCLASS)'!F60 -> 0 | R29: =Q29*3 -> 0 | T29: ='RECON(UNCLASS)'!F60 -> 0 | U29: =T29*3 -> 0 | W29: ='LE(UNCLASS)'!F60 -> 0 | X29: =W29*3 -> 0 | Z29: ='AATF(UNCLASS)'!F60 -> 0 | AA29: =Z29*3 -> 0 | AC29: ='CEB(UNCLASS)'!F60 -> 0 | AD29: =AC29*3 -> 0 | AF29: =SUM(B29,E29,H29,K29,N29,Q29,T29,W29,Z29,AC29) -> 0 | AG29: =AF29*3 -> 0 | AI29: SHORT TONS
A30: SIXCON REQ (850 GAL PER SIXCON) | B30: =B28/850 -> 0 | C30: =B30*3 -> 0 | E30: =E28/850 -> 0 | F30: =E30*3 -> 0 | H30: =H28/850 -> 0 | I30: =H30*3 -> 0 | K30: =K28/850 -> 0 | L30: =K30*3 -> 0 | N30: =N28/850 -> 0 | O30: =N30*3 -> 0 | Q30: =Q28/850 -> 0 | R30: =Q30*3 -> 0 | T30: =T28/850 -> 0 | U30: =T30*3 -> 0 | W30: =W28/850 -> 0 | X30: =W30*3 -> 0 | Z30: =Z28/850 -> 0 | AA30: =Z30*3 -> 0 | AC30: =AC28/850 -> 0 | AD30: =AC30*3 -> 0 | AF30: =SUM(B30,E30,H30,K30,N30,Q30,T30,W30,Z30,AC30) -> 0 | AG30: =AF30*3 -> 0 | AI30: SIXCON REQ (850 GAL PER SIXCON)
A31: FLAT RACK REFUELER REQ (2400 GAL PER FRC) | B31: =B28/2400 -> 0 | C31: =B31*3 -> 0 | E31: =E28/2400 -> 0 | F31: =E31*3 -> 0 | H31: =H28/2400 -> 0 | I31: =H31*3 -> 0 | K31: =K28/2400 -> 0 | L31: =K31*3 -> 0 | N31: =N28/2400 -> 0 | O31: =N31*3 -> 0 | Q31: =Q28/2400 -> 0 | R31: =Q31*3 -> 0 | T31: =T28/2400 -> 0 | U31: =T31*3 -> 0 | W31: =W28/2400 -> 0 | X31: =W31*3 -> 0 | Z31: =Z28/2400 -> 0 | AA31: =Z31*3 -> 0 | AC31: =AC28/2400 -> 0 | AD31: =AC31*3 -> 0 | AF31: =SUM(B31,E31,H31,K31,N31,Q31,T31,W31,Z31,AC31) -> 0 | AG31: =AF31*3 -> 0 | AI31: FLAT RACK REFUELER REQ (2400 GAL PER FRC)
A32: M970 REQ (4800 GAL PER M970) | B32: =B28/4900 -> 0 | C32: =B32*3 -> 0 | E32: =E28/4900 -> 0 | F32: =E32*3 -> 0 | H32: =H28/4900 -> 0 | I32: =H32*3 -> 0 | K32: =K28/4900 -> 0 | L32: =K32*3 -> 0 | N32: =N28/4900 -> 0 | O32: =N32*3 -> 0 | Q32: =Q28/4900 -> 0 | R32: =Q32*3 -> 0 | T32: =T28/4900 -> 0 | U32: =T32*3 -> 0 | W32: =W28/4900 -> 0 | X32: =W32*3 -> 0 | Z32: =Z28/4900 -> 0 | AA32: =Z32*3 -> 0 | AC32: =AC28/4900 -> 0 | AD32: =AC32*3 -> 0 | AF32: =SUM(B32,E32,H32,K32,N32,Q32,T32,W32,Z32,AC32) -> 0 | AG32: =AF32*3 -> 0 | AI32: M970 REQ (4800 GAL PER M970)
A33: CLASS III BULK FUEL SUSTAINED RATE | B33: 1 DOS | C33: 3 DOS | E33: 1 DOS | F33: 3 DOS | H33: 1 DOS | I33: 3 DOS | K33: 1 DOS | L33: 3 DOS | N33: 1 DOS | O33: 3 DOS | Q33: 1 DOS | R33: 3 DOS | T33: 1 DOS | U33: 3 DOS | W33: 1 DOS | X33: 3 DOS | Z33: 1 DOS | AA33: 3 DOS | AC33: 1 DOS | AD33: 3 DOS | AF33: 1 DOS | AG33: 3 DOS | AI33: CLASS III BULK FUEL SUSTAINED RATE
A34: GALLONS | B34: ='RLT3 (UNCLASS)'!F62 -> 0 | C34: =B34*3 -> 0 | E34: ='RLT7(UNCLASS)'!F62 -> 0 | F34: =E34*3 -> 0 | H34: ='RLT4(UNCLASS)'!F62 -> 0 | I34: =H34*3 -> 0 | K34: ='12TH REG(UNCLASS)'!F62 -> 0 | L34: =K34*3 -> 0 | N34: ='HQBN(UNCLASS)'!F62 -> 0 | O34: =N34*3 -> 0 | Q34: ='LAR(UNCLASS)'!F62 -> 0 | R34: =Q34*3 -> 0 | T34: ='RECON(UNCLASS)'!F62 -> 0 | U34: =T34*3 -> 0 | W34: ='LE(UNCLASS)'!F62 -> 0 | X34: =W34*3 -> 0 | Z34: ='AATF(UNCLASS)'!F62 -> 0 | AA34: =Z34*3 -> 0 | AC34: ='CEB(UNCLASS)'!F62 -> 0 | AD34: =AC34*3 -> 0 | AF34: =SUM(B34,E34,H34,K34,N34,Q34,T34,W34,Z34,AC34) -> 0 | AG34: =AF34*3 -> 0 | AI34: GALLONS
A35: SHORT TONS | B35: ='RLT3 (UNCLASS)'!F63 -> 0 | C35: =B35*3 -> 0 | E35: ='RLT7(UNCLASS)'!F63 -> 0 | F35: =E35*3 -> 0 | H35: ='RLT4(UNCLASS)'!F63 -> 0 | I35: =H35*3 -> 0 | K35: ='12TH REG(UNCLASS)'!F63 -> 0 | L35: =K35*3 -> 0 | N35: ='HQBN(UNCLASS)'!F63 -> 0 | O35: =N35*3 -> 0 | Q35: ='LAR(UNCLASS)'!F63 -> 0 | R35: =Q35*3 -> 0 | T35: ='RECON(UNCLASS)'!F63 -> 0 | U35: =T35*3 -> 0 | W35: ='LE(UNCLASS)'!F63 -> 0 | X35: =W35*3 -> 0 | Z35: ='AATF(UNCLASS)'!F63 -> 0 | AA35: =Z35*3 -> 0 | AC35: ='CEB(UNCLASS)'!F63 -> 0 | AD35: =AC35*3 -> 0 | AF35: =SUM(B35,E35,H35,K35,N35,Q35,T35,W35,Z35,AC35) -> 0 | AG35: =AF35*3 -> 0 | AI35: SHORT TONS
A36: SIXCON REQ (850 GAL PER SIXCON) | B36: =B34/850 -> 0 | C36: =B36*3 -> 0 | E36: =E34/850 -> 0 | F36: =E36*3 -> 0 | H36: =H34/850 -> 0 | I36: =H36*3 -> 0 | K36: =K34/850 -> 0 | L36: =K36*3 -> 0 | N36: =N34/850 -> 0 | O36: =N36*3 -> 0 | Q36: =Q34/850 -> 0 | R36: =Q36*3 -> 0 | T36: =T34/850 -> 0 | U36: =T36*3 -> 0 | W36: =W34/850 -> 0 | X36: =W36*3 -> 0 | Z36: =Z34/850 -> 0 | AA36: =Z36*3 -> 0 | AC36: =AC34/850 -> 0 | AD36: =AC36*3 -> 0 | AF36: =SUM(B36,E36,H36,K36,N36,Q36,T36,W36,Z36,AC36) -> 0 | AG36: =AF36*3 -> 0 | AI36: SIXCON REQ (850 GAL PER SIXCON)
A37: FLAT RACK REFUELER REQ (2400 GAL PER FRC) | B37: =B34/2400 -> 0 | C37: =B37*3 -> 0 | E37: =E34/2400 -> 0 | F37: =E37*3 -> 0 | H37: =H34/2400 -> 0 | I37: =H37*3 -> 0 | K37: =K34/2400 -> 0 | L37: =K37*3 -> 0 | N37: =N34/2400 -> 0 | O37: =N37*3 -> 0 | Q37: =Q34/2400 -> 0 | R37: =Q37*3 -> 0 | T37: =T34/2400 -> 0 | U37: =T37*3 -> 0 | W37: =W34/2400 -> 0 | X37: =W37*3 -> 0 | Z37: =Z34/2400 -> 0 | AA37: =Z37*3 -> 0 | AC37: =AC34/2400 -> 0 | AD37: =AC37*3 -> 0 | AF37: =SUM(B37,E37,H37,K37,N37,Q37,T37,W37,Z37,AC37) -> 0 | AG37: =AF37*3 -> 0 | AI37: FLAT RACK REFUELER REQ (2400 GAL PER FRC)
A38: M970 REQ (4800 GAL PER M970) | B38: =B34/4900 -> 0 | C38: =B38*3 -> 0 | E38: =E34/4900 -> 0 | F38: =E38*3 -> 0 | H38: =H34/4900 -> 0 | I38: =H38*3 -> 0 | K38: =K34/4900 -> 0 | L38: =K38*3 -> 0 | N38: =N34/4900 -> 0 | O38: =N38*3 -> 0 | Q38: =Q34/4900 -> 0 | R38: =Q38*3 -> 0 | T38: =T34/4900 -> 0 | U38: =T38*3 -> 0 | W38: =W34/4900 -> 0 | X38: =W38*3 -> 0 | Z38: =Z34/4900 -> 0 | AA38: =Z38*3 -> 0 | AC38: =AC34/4900 -> 0 | AD38: =AC38*3 -> 0 | AF38: =SUM(B38,E38,H38,K38,N38,Q38,T38,W38,Z38,AC38) -> 0 | AG38: =AF38*3 -> 0 | AI38: M970 REQ (4800 GAL PER M970)
A39: CLASS IV (NE ASIA RATE 2017 MSTP) | B39: 1 DOS | C39: 3 DOS | E39: 1 DOS | F39: 3 DOS | H39: 1 DOS | I39: 3 DOS | K39: 1 DOS | L39: 3 DOS | N39: 1 DOS | O39: 3 DOS | Q39: 1 DOS | R39: 3 DOS | T39: 1 DOS | U39: 3 DOS | W39: 1 DOS | X39: 3 DOS | Z39: 1 DOS | AA39: 3 DOS | AC39: 1 DOS | AD39: 3 DOS | AF39: 1 DOS | AG39: 3 DOS | AI39: CLASS IV (NE ASIA RATE 2017 MSTP)
A40: CL IV ST | B40: ='RLT3 (UNCLASS)'!F67 -> 0 | C40: =B40*3 -> 0 | E40: ='RLT7(UNCLASS)'!F67 -> 0 | F40: =E40*3 -> 0 | H40: ='RLT4(UNCLASS)'!F67 -> 0 | I40: =H40*3 -> 0 | K40: ='12TH REG(UNCLASS)'!F67 -> 0 | L40: =K40*3 -> 0 | N40: ='HQBN(UNCLASS)'!F67 -> 0 | O40: =N40*3 -> 0 | Q40: ='LAR(UNCLASS)'!F67 -> 0 | R40: =Q40*3 -> 0 | T40: ='RECON(UNCLASS)'!F67 -> 0 | U40: =T40*3 -> 0 | W40: ='LE(UNCLASS)'!F67 -> 0 | X40: =W40*3 -> 0 | Z40: ='AATF(UNCLASS)'!F67 -> 0 | AA40: =Z40*3 -> 0 | AC40: ='CEB(UNCLASS)'!F67 -> 0 | AD40: =AC40*3 -> 0 | AF40: =SUM(B40,E40,H40,K40,N40,Q40,T40,W40,Z40,AC40) -> 0 | AG40: =AF40*3 -> 0 | AI40: CL IV ST
A41: CL IV TEU (MTVR-BASED) | B41: =B40/7 -> 0 | C41: =C40/7 -> 0 | E41: =E40/7 -> 0 | F41: =F40/7 -> 0 | H41: =H40/7 -> 0 | I41: =I40/7 -> 0 | K41: =K40/7 -> 0 | L41: =L40/7 -> 0 | N41: =N40/7 -> 0 | O41: =O40/7 -> 0 | Q41: =Q40/7 -> 0 | R41: =R40/7 -> 0 | T41: =T40/7 -> 0 | U41: =U40/7 -> 0 | W41: =W40/7 -> 0 | X41: =X40/7 -> 0 | Z41: =Z40/7 -> 0 | AA41: =AA40/7 -> 0 | AC41: =AC40/7 -> 0 | AD41: =AD40/7 -> 0 | AF41: =SUM(B41,E41,H41,K41,N41,Q41,T41,W41,Z41,AC41) -> 0 | AG41: =AF41*3 -> 0 | AI41: CL IV TEU (MTVR-BASED)
A42: CLASS V COMBAT LOAD (QUANTIX ACCESS SUMMARY DATA) | AI42: CLASS V COMBAT LOAD (QUANTIX ACCESS SUMMARY DATA)
A43: PALLETS | B43: ='RLT3 (UNCLASS)'!F71 -> 0 | E43: ='RLT7(UNCLASS)'!F71 -> 0 | H43: ='RLT4(UNCLASS)'!F71 -> 0 | K43: ='12TH REG(UNCLASS)'!F71 -> 0 | N43: ='HQBN(UNCLASS)'!F71 -> 0 | Q43: ='LAR(UNCLASS)'!F71 -> 0 | T43: ='RECON(UNCLASS)'!F71 -> 0 | W43: ='LE(UNCLASS)'!F71 -> 0 | Z43: ='AATF(UNCLASS)'!F71 -> 0 | AC43: ='CEB(UNCLASS)'!F71 -> 0 | AF43: =SUM(B43,E43,H43,K43,N43,Q43,T43,W43,Z43,AC43) -> 0 | AG43: =SUM(C43,F43,I43,L43,O43,R43,U43,X43) -> 0 | AI43: PALLETS
A44: SHORT TONS / TEU (PALLET BASED) | B44: ='RLT3 (UNCLASS)'!F72 -> 0 | C44: =B43/16 -> 0 | E44: ='RLT7(UNCLASS)'!F72 -> 0 | F44: =E43/16 -> 0 | H44: ='RLT4(UNCLASS)'!F72 -> 0 | I44: =H43/16 -> 0 | K44: ='12TH REG(UNCLASS)'!F72 -> 0 | L44: =K43/16 -> 0 | N44: ='HQBN(UNCLASS)'!F72 -> 0 | O44: =N43/16 -> 0 | Q44: ='LAR(UNCLASS)'!F72 -> 0 | R44: =Q43/16 -> 0 | T44: ='RECON(UNCLASS)'!F72 -> 0 | U44: =T43/16 -> 0 | W44: ='LE(UNCLASS)'!F72 -> 0 | X44: =W43/16 -> 0 | Z44: ='AATF(UNCLASS)'!F72 -> 0 | AA44: =Z43/16 -> 0 | AC44: ='CEB(UNCLASS)'!F72 -> 0 | AD44: =AC43/16 -> 0 | AF44: =SUM(B44,E44,H44,K44,N44,Q44,T44,W44,Z44,AC44) -> 0 | AG44: =AF43/16 -> 0 | AI44: SHORT TONS / TEU (PALLET BASED)
A45: CLASS V ASSAULT RATE (QUANTIX ACCESS SUMMARY DATA) | B45: 1 DOS | C45: 3 DOS | E45: 1 DOS | F45: 3 DOS | H45: 1 DOS | I45: 3 DOS | K45: 1 DOS | L45: 3 DOS | N45: 1 DOS | O45: 3 DOS | Q45: 1 DOS | R45: 3 DOS | T45: 1 DOS | U45: 3 DOS | W45: 1 DOS | X45: 3 DOS | Z45: 1 DOS | AA45: 3 DOS | AC45: 1 DOS | AD45: 3 DOS | AF45: 1 DOS | AG45: 3 DOS | AI45: CLASS V ASSAULT RATE (QUANTIX ACCESS SUMMARY DATA)
A46: PALLETS | B46: ='RLT3 (UNCLASS)'!F75 -> 0 | C46: =B46*3 -> 0 | E46: ='RLT7(UNCLASS)'!F75 -> 0 | F46: =E46*3 -> 0 | H46: ='RLT4(UNCLASS)'!F75 -> 0 | I46: =H46*3 -> 0 | K46: ='12TH REG(UNCLASS)'!F75 -> 0 | L46: =K46*3 -> 0 | N46: ='HQBN(UNCLASS)'!F75 -> 0 | O46: =N46*3 -> 0 | Q46: ='LAR(UNCLASS)'!F75 -> 0 | R46: =Q46*3 -> 0 | T46: ='RECON(UNCLASS)'!F75 -> 0 | U46: =T46*3 -> 0 | W46: ='LE(UNCLASS)'!F75 -> 0 | X46: =W46*3 -> 0 | Z46: ='AATF(UNCLASS)'!F75 -> 0 | AA46: =Z46*3 -> 0 | AC46: ='CEB(UNCLASS)'!F75 -> 0 | AD46: =AC46*3 -> 0 | AF46: =SUM(B46,E46,H46,K46,N46,Q46,T46,W46,Z46,AC46) -> 0 | AG46: =AF46*3 -> 0 | AI46: PALLETS
A47: SHORT TONS | B47: ='RLT3 (UNCLASS)'!F76 -> 0 | C47: =B47*3 -> 0 | E47: ='RLT7(UNCLASS)'!F76 -> 0 | F47: =E47*3 -> 0 | H47: ='RLT4(UNCLASS)'!F76 -> 0 | I47: =H47*3 -> 0 | K47: ='12TH REG(UNCLASS)'!F76 -> 0 | L47: =K47*3 -> 0 | N47: ='HQBN(UNCLASS)'!F76 -> 0 | O47: =N47*3 -> 0 | Q47: ='LAR(UNCLASS)'!F76 -> 0 | R47: =Q47*3 -> 0 | T47: ='RECON(UNCLASS)'!F76 -> 0 | U47: =T47*3 -> 0 | W47: ='LE(UNCLASS)'!F76 -> 0 | X47: =W47*3 -> 0 | Z47: ='AATF(UNCLASS)'!F76 -> 0 | AA47: =Z47*3 -> 0 | AC47: ='CEB(UNCLASS)'!F76 -> 0 | AD47: =AC47*3 -> 0 | AF47: =SUM(B47,E47,H47,K47,N47,Q47,T47,W47,Z47,AC47) -> 0 | AG47: =AF47*3 -> 0 | AI47: SHORT TONS
A48: SB MTVR | B48: =B46/12 -> 0 | C48: =B48*3 -> 0 | E48: =E46/12 -> 0 | F48: =F46/12 -> 0 | H48: =H46/12 -> 0 | I48: =I46/12 -> 0 | K48: =K46/12 -> 0 | L48: =L46/12 -> 0 | N48: =N46/12 -> 0 | O48: =O46/12 -> 0 | Q48: =Q46/12 -> 0 | R48: =R46/12 -> 0 | T48: =T46/12 -> 0 | U48: =U46/12 -> 0 | W48: =W46/12 -> 0 | X48: =X46/12 -> 0 | Z48: =Z46/12 -> 0 | AA48: =AA46/12 -> 0 | AC48: =AC46/12 -> 0 | AD48: =AD46/12 -> 0 | AF48: =SUM(B48,E48,H48,K48,N48,Q48,T48,W48,Z48,AC48) -> 0 | AG48: =AF48*3 -> 0 | AI48: SB MTVR
A49: TEU (PALLET BASED) | B49: =B46/16 -> 0 | C49: =B49*3 -> 0 | E49: =E46/16 -> 0 | F49: =E49*3 -> 0 | H49: =H46/16 -> 0 | I49: =H49*3 -> 0 | K49: =K46/16 -> 0 | L49: =K49*3 -> 0 | N49: =N46/16 -> 0 | O49: =N49*3 -> 0 | Q49: =Q46/16 -> 0 | R49: =Q49*3 -> 0 | T49: =T46/16 -> 0 | U49: =T49*3 -> 0 | W49: =W46/16 -> 0 | X49: =W49*3 -> 0 | Z49: =Z46/16 -> 0 | AA49: =Z49*3 -> 0 | AC49: =AC46/16 -> 0 | AD49: =AC49*3 -> 0 | AF49: =SUM(B49,E49,H49,K49,N49,Q49,T49,W49,Z49,AC49) -> 0 | AG49: =AF49*3 -> 0 | AI49: TEU (PALLET BASED)
A50: CLASS V SUSTAINED RATE (QUANTIX ACCESS SUMMARY DATA) | B50: 1 DOS | C50: 3 DOS | E50: 1 DOS | F50: 3 DOS | H50: 1 DOS | I50: 3 DOS | K50: 1 DOS | L50: 3 DOS | N50: 1 DOS | O50: 3 DOS | Q50: 1 DOS | R50: 3 DOS | T50: 1 DOS | U50: 3 DOS | W50: 1 DOS | X50: 3 DOS | Z50: 1 DOS | AA50: 3 DOS | AC50: 1 DOS | AD50: 3 DOS | AF50: 1 DOS | AG50: 3 DOS | AI50: CLASS V SUSTAINED RATE (QUANTIX ACCESS SUMMARY DATA)
A51: PALLETS | B51: ='RLT3 (UNCLASS)'!F79 -> 0 | C51: =B51*3 -> 0 | E51: ='RLT7(UNCLASS)'!F79 -> 0 | F51: =E51*3 -> 0 | H51: ='RLT4(UNCLASS)'!F79 -> 0 | I51: =H51*3 -> 0 | K51: ='12TH REG(UNCLASS)'!F79 -> 0 | L51: =K51*3 -> 0 | N51: ='HQBN(UNCLASS)'!F79 -> 0 | O51: =N51*3 -> 0 | Q51: ='LAR(UNCLASS)'!F79 -> 0 | R51: =Q51*3 -> 0 | T51: ='RECON(UNCLASS)'!F79 -> 0 | U51: =T51*3 -> 0 | W51: ='LE(UNCLASS)'!F79 -> 0 | X51: =W51*3 -> 0 | Z51: ='AATF(UNCLASS)'!F79 -> 0 | AA51: =Z51*3 -> 0 | AC51: ='CEB(UNCLASS)'!F79 -> 0 | AD51: =AC51*3 -> 0 | AF51: =SUM(B51,E51,H51,K51,N51,Q51,T51,W51,Z51,AC51) -> 0 | AG51: =AF51*3 -> 0 | AI51: PALLETS
A52: SHORT TONS | B52: ='RLT3 (UNCLASS)'!F80 -> 0 | C52: =B52*3 -> 0 | E52: ='RLT7(UNCLASS)'!F80 -> 0 | F52: =E52*3 -> 0 | H52: ='RLT4(UNCLASS)'!F80 -> 0 | I52: =H52*3 -> 0 | K52: ='12TH REG(UNCLASS)'!F80 -> 0 | L52: =K52*3 -> 0 | N52: ='HQBN(UNCLASS)'!F80 -> 0 | O52: =N52*3 -> 0 | Q52: ='LAR(UNCLASS)'!F80 -> 0 | R52: =Q52*3 -> 0 | T52: ='RECON(UNCLASS)'!F80 -> 0 | U52: =T52*3 -> 0 | W52: ='LE(UNCLASS)'!F80 -> 0 | X52: =W52*3 -> 0 | Z52: ='AATF(UNCLASS)'!F80 -> 0 | AA52: =Z52*3 -> 0 | AC52: ='CEB(UNCLASS)'!F80 -> 0 | AD52: =AC52*3 -> 0 | AF52: =SUM(B52,E52,H52,K52,N52,Q52,T52,W52,Z52,AC52) -> 0 | AG52: =AF52*3 -> 0 | AI52: SHORT TONS
A53: TEU (PALLET BASED) | B53: =B51/16 -> 0 | C53: =B53*3 -> 0 | E53: =E51/16 -> 0 | F53: =E53*3 -> 0 | H53: =H51/16 -> 0 | I53: =H53*3 -> 0 | K53: =K51/16 -> 0 | L53: =K53*3 -> 0 | N53: =N51/16 -> 0 | O53: =N53*3 -> 0 | Q53: =Q51/16 -> 0 | R53: =Q53*3 -> 0 | T53: =T51/16 -> 0 | U53: =T53*3 -> 0 | W53: =W51/16 -> 0 | X53: =W53*3 -> 0 | Z53: =Z51/16 -> 0 | AA53: =Z53*3 -> 0 | AC53: =AC51/16 -> 0 | AD53: =AC53*3 -> 0 | AF53: =SUM(B53,E53,H53,K53,N53,Q53,T53,W53,Z53,AC53) -> 0 | AG53: =AF53*3 -> 0 | AI53: TEU (PALLET BASED)
A54: CLASS IV (NE ASIA RATE 2017 MSTP) | B54: 1 DOS | C54: 3 DOS | E54: 1 DOS | F54: 3 DOS | H54: 1 DOS | I54: 3 DOS | K54: 1 DOS | L54: 3 DOS | N54: 1 DOS | O54: 3 DOS | Q54: 1 DOS | R54: 3 DOS | T54: 1 DOS | U54: 3 DOS | W54: 1 DOS | X54: 3 DOS | Z54: 1 DOS | AA54: 3 DOS | AC54: 1 DOS | AD54: 3 DOS | AF54: 1 DOS | AG54: 3 DOS | AI54: CLASS IV (NE ASIA RATE 2017 MSTP)
A55: SHORT TONS | B55: ='RLT3 (UNCLASS)'!F85 -> 0 | C55: =B55*3 -> 0 | E55: ='RLT7(UNCLASS)'!F85 -> 0 | F55: =E55*3 -> 0 | H55: ='RLT4(UNCLASS)'!F85 -> 0 | I55: =H55*3 -> 0 | K55: ='12TH REG(UNCLASS)'!F85 -> 0 | L55: =K55*3 -> 0 | N55: ='HQBN(UNCLASS)'!F85 -> 0 | O55: =N55*3 -> 0 | Q55: ='LAR(UNCLASS)'!F85 -> 0 | R55: =Q55*3 -> 0 | T55: ='RECON(UNCLASS)'!F85 -> 0 | U55: =T55*3 -> 0 | W55: ='LE(UNCLASS)'!F85 -> 0 | X55: =W55*3 -> 0 | Z55: ='AATF(UNCLASS)'!F85 -> 0 | AA55: =Z55*3 -> 0 | AC55: ='CEB(UNCLASS)'!F85 -> 0 | AD55: =AC55*3 -> 0 | AF55: =SUM(B55,E55,H55,K55,N55,Q55,T55,W55,Z55,AC55) -> 0 | AG55: =AF55*3 -> 0 | AI55: SHORT TONS
A56: TEU (PALLET BASED) | B56: =B55/7 -> 0 | C56: =B56*3 -> 0 | E56: =E55/7 -> 0 | F56: =E56*3 -> 0 | H56: =H55/7 -> 0 | I56: =H56*3 -> 0 | K56: =K55/7 -> 0 | L56: =K56*3 -> 0 | N56: =N55/7 -> 0 | O56: =N56*3 -> 0 | Q56: =Q55/7 -> 0 | R56: =Q56*3 -> 0 | T56: =T55/7 -> 0 | U56: =T56*3 -> 0 | W56: =W55/7 -> 0 | X56: =W56*3 -> 0 | Z56: =Z55/7 -> 0 | AA56: =Z56*3 -> 0 | AC56: =AC55/7 -> 0 | AD56: =AC56*3 -> 0 | AF56: =SUM(B56,E56,H56,K56,N56,Q56,T56,W56,Z56,AC56) -> 0 | AG56: =AF56*3 -> 0 | AI56: TEU (PALLET BASED)
A57: CLASS VIII (NE ASIA RATE 2017 MSTP) | B57: 1 DOS | C57: 3 DOS | E57: 1 DOS | F57: 3 DOS | H57: 1 DOS | I57: 3 DOS | K57: 1 DOS | L57: 3 DOS | N57: 1 DOS | O57: 3 DOS | Q57: 1 DOS | R57: 3 DOS | T57: 1 DOS | U57: 3 DOS | W57: 1 DOS | X57: 3 DOS | Z57: 1 DOS | AA57: 3 DOS | AC57: 1 DOS | AD57: 3 DOS | AF57: 1 DOS | AG57: 3 DOS | AI57: CLASS VIII (NE ASIA RATE 2017 MSTP)
A58: SHORT TONS | B58: ='RLT3 (UNCLASS)'!F90 -> 0 | C58: =B58*3 -> 0 | E58: ='RLT7(UNCLASS)'!F90 -> 0 | F58: =E58*3 -> 0 | H58: ='RLT4(UNCLASS)'!F90 -> 0 | I58: =H58*3 -> 0 | K58: ='12TH REG(UNCLASS)'!F90 -> 0 | L58: =K58*3 -> 0 | N58: ='HQBN(UNCLASS)'!F90 -> 0 | O58: =N58*3 -> 0 | Q58: ='LAR(UNCLASS)'!F90 -> 0 | R58: =Q58*3 -> 0 | T58: ='RECON(UNCLASS)'!F90 -> 0 | U58: =T58*3 -> 0 | W58: ='LE(UNCLASS)'!F90 -> 0 | X58: =W58*3 -> 0 | Z58: ='AATF(UNCLASS)'!F90 -> 0 | AA58: =Z58*3 -> 0 | AC58: ='CEB(UNCLASS)'!F90 -> 0 | AD58: =AC58*3 -> 0 | AF58: =SUM(B58,E58,H58,K58,N58,Q58,T58,W58,Z58,AC58) -> 0 | AG58: =AF58*3 -> 0 | AI58: SHORT TONS
A59: TEU (PALLET BASED) | B59: =B58/7 -> 0 | C59: =B59*3 -> 0 | E59: =E58/7 -> 0 | F59: =E59*3 -> 0 | H59: =H58/7 -> 0 | I59: =H59*3 -> 0 | K59: =K58/7 -> 0 | L59: =K59*3 -> 0 | N59: =N58/7 -> 0 | O59: =N59*3 -> 0 | Q59: =Q58/7 -> 0 | R59: =Q59*3 -> 0 | T59: =T58/7 -> 0 | U59: =T59*3 -> 0 | W59: =W58/7 -> 0 | X59: =W59*3 -> 0 | Z59: =Z58/7 -> 0 | AA59: =Z59*3 -> 0 | AC59: =AC58/7 -> 0 | AD59: =AC59*3 -> 0 | AF59: =AF58/16 -> 0 | AG59: =AG58/16 -> 0 | AI59: TEU (PALLET BASED)
A60: SUMMARY SUSTAINMENT DATA ASLT RATE | B60: 1 DOS | C60: 3 DOS | E60: 1 DOS | F60: 3 DOS | H60: 1 DOS | I60: 3 DOS | K60: 1 DOS | L60: 3 DOS | N60: 1 DOS | O60: 3 DOS | Q60: 1 DOS | R60: 3 DOS | T60: 1 DOS | U60: 3 DOS | W60: 1 DOS | X60: 3 DOS | Z60: 1 DOS | AA60: 3 DOS | AC60: 1 DOS | AD60: 3 DOS | AF60: 1 DOS | AG60: 3 DOS | AI60: SUMMARY SUSTAINMENT DATA ASLT RATE
A61: SHORT TON | B61: =SUM(B5,B14,B23,B29,B40,B47,B55,B58) -> 0 | C61: =B61*3 -> 0 | E61: =SUM(E5,E14,E23,E29,E40,E47,E55,E58) -> 0 | F61: =E61*3 -> 0 | H61: =SUM(H5,H14,H23,H29,H40,H47,H55,H58) -> 0 | I61: =H61*3 -> 0 | K61: =SUM(K5,K14,K23,K29,K40,K47,K55,K58) -> 0 | L61: =K61*3 -> 0 | N61: =SUM(N5,N14,N23,N29,N40,N47,N55,N58) -> 0 | O61: =N61*3 -> 0 | Q61: =SUM(Q5,Q14,Q23,Q29,Q40,Q47,Q55,Q58) -> 0 | R61: =Q61*3 -> 0 | T61: =SUM(T5,T14,T23,T29,T40,T47,T55,T58) -> 0 | U61: =T61*3 -> 0 | W61: =SUM(W5,W14,W23,W29,W40,W47,W55,W58) -> 0 | X61: =W61*3 -> 0 | Z61: =SUM(Z5,Z14,Z23,Z29,Z40,Z47,Z55,Z58) -> 0 | AA61: =Z61*3 -> 0 | AC61: =SUM(AC5,AC14,AC23,AC29,AC40,AC47,AC55,AC58) -> 0 | AD61: =AC61*3 -> 0 | AF61: =SUM(B61,E61,H61,K61,N61,Q61,T61,W61,Z61,AC61) -> 0 | AG61: =SUM(C61,F61,I61,L61,O61,R61,U61,X61,AA61,AD61) -> 0 | AI61: SHORT TON
A62: TEU | B62: =SUM(B6,B16,B24,B31,B41,B49,B56,B59) -> 0 | C62: =B62*3 -> 0 | E62: =SUM(E6,E16,E24,E31,E41,E49,E56,E59) -> 0 | F62: =E62*3 -> 0 | H62: =SUM(H6,H16,H24,H31,H41,H49,H56,H59) -> 0 | I62: =H62*3 -> 0 | K62: =SUM(K6,K16,K24,K31,K41,K49,K56,K59) -> 0 | L62: =K62*3 -> 0 | N62: =SUM(N6,N16,N24,N31,N41,N49,N56,N59) -> 0 | O62: =N62*3 -> 0 | Q62: =SUM(Q6,Q16,Q24,Q31,Q41,Q49,Q56,Q59) -> 0 | R62: =Q62*3 -> 0 | T62: =SUM(T6,T16,T24,T31,T41,T49,T56,T59) -> 0 | U62: =T62*3 -> 0 | W62: =SUM(W6,W16,W24,W31,W41,W49,W56,W59) -> 0 | X62: =W62*3 -> 0 | Z62: =SUM(Z6,Z16,Z24,Z31,Z41,Z49,Z56,Z59) -> 0 | AA62: =Z62*3 -> 0 | AC62: =SUM(AC6,AC16,AC24,AC31,AC41,AC49,AC56,AC59) -> 0 | AD62: =AC62*3 -> 0 | AF62: =SUM(B62,E62,H62,K62,N62,Q62,T62,W62,Z62,AC62) -> 0 | AG62: =AG61/16 -> 0 | AI62: TEU
A63: SUMMARY SUSTAINMENT DATA SUSTAINED RATE | B63: 1 DOS | C63: 3 DOS | E63: 1 DOS | F63: 3 DOS | H63: 1 DOS | I63: 3 DOS | K63: 1 DOS | L63: 3 DOS | N63: 1 DOS | O63: 3 DOS | Q63: 1 DOS | R63: 3 DOS | T63: 1 DOS | U63: 3 DOS | W63: 1 DOS | X63: 3 DOS | Z63: 1 DOS | AA63: 3 DOS | AC63: 1 DOS | AD63: 3 DOS | AF63: 1 DOS | AG63: 3 DOS | AI63: SUMMARY SUSTAINMENT DATA SUSTAINED RATE
A64: SHORT TON | B64: =SUM(B9,B19,B23,B35,B40,B52,B55,B58) -> 0 | C64: =B64*3 -> 0 | E64: =SUM(E9,E19,E23,E35,E40,E52,E55,E58) -> 0 | F64: =E64*3 -> 0 | H64: =SUM(H9,H19,H23,H35,H40,H52,H55,H58) -> 0 | I64: =H64*3 -> 0 | K64: =SUM(K9,K19,K23,K35,K40,K52,K55,K58) -> 0 | L64: =K64*3 -> 0 | N64: =SUM(N9,N19,N23,N35,N40,N52,N55,N58) -> 0 | O64: =N64*3 -> 0 | Q64: =SUM(Q9,Q19,Q23,Q35,Q40,Q52,Q55,Q58) -> 0 | R64: =Q64*3 -> 0 | T64: =SUM(T9,T19,T23,T35,T40,T52,T55,T58) -> 0 | U64: =T64*3 -> 0 | W64: =SUM(W9,W19,W23,W35,W40,W52,W55,W58) -> 0 | X64: =W64*3 -> 0 | Z64: =SUM(Z9,Z19,Z23,Z35,Z40,Z52,Z55,Z58) -> 0 | AA64: =Z64*3 -> 0 | AC64: =SUM(AC9,AC19,AC23,AC35,AC40,AC52,AC55,AC58) -> 0 | AD64: =AC64*3 -> 0 | AF64: =SUM(B64,E64,H64,K64,N64,Q64,T64,W64,Z64,AC64) -> 0 | AG64: =AF64*3 -> 0 | AI64: SHORT TON
A65: TEU | B65: =SUM(B11,B21,B24,B37,B41,B53,B56,B59) -> 0 | C65: =B65*3 -> 0 | E65: =SUM(E11,E21,E24,E37,E41,E53,E56,E59) -> 0 | F65: =E65*3 -> 0 | H65: =SUM(H11,H21,H24,H37,H41,H53,H56,H59) -> 0 | I65: =H65*3 -> 0 | K65: =SUM(K11,K21,K24,K37,K41,K53,K56,K59) -> 0 | L65: =K65*3 -> 0 | N65: =SUM(N11,N21,N24,N37,N41,N53,N56,N59) -> 0 | O65: =N65*3 -> 0 | Q65: =SUM(Q11,Q21,Q24,Q37,Q41,Q53,Q56,Q59) -> 0 | R65: =Q65*3 -> 0 | T65: =SUM(T11,T21,T24,T37,T41,T53,T56,T59) -> 0 | U65: =T65*3 -> 0 | W65: =SUM(W11,W21,W24,W37,W41,W53,W56,W59) -> 0 | X65: =W65*3 -> 0 | Z65: =SUM(Z11,Z21,Z24,Z37,Z41,Z53,Z56,Z59) -> 0 | AA65: =Z65*3 -> 0 | AC65: =SUM(AC11,AC21,AC24,AC37,AC41,AC53,AC56,AC59) -> 0 | AD65: =AC65*3 -> 0 | AF65: =SUM(B65,E65,H65,K65,N65,Q65,T65,W65,Z65,AC65) -> 0 | AG65: =AG64/16 -> 0 | AI65: TEU
AF66: =SUM(B66,E66,H66,K66,N66,Q66,T66,W66) -> 0 | AG66: =SUM(C66,F66,I66,L66,O66,R66,U66,X66) -> 0
A67: EQUIPMENT OVERVIEW | AF67: =SUM(B67,E67,H67,K67,N67,Q67,T67,W67) -> 0 | AG67: =SUM(C67,F67,I67,L67,O67,R67,U67,X67) -> 0 | AI67: EQUIPMENT OVERVIEW
A68: 5K FORK LIFT | B68: ='RLT3 (UNCLASS)'!Y43 -> 0 | E68: ='RLT7(UNCLASS)'!Y43 -> 0 | H68: ='RLT4(UNCLASS)'!Y43 -> 0 | K68: ='12TH REG(UNCLASS)'!Y43 -> 0 | N68: ='HQBN(UNCLASS)'!Y43 -> 0 | Q68: ='LAR(UNCLASS)'!Y43 -> 0 | T68: ='RECON(UNCLASS)'!Y43 -> 0 | W68: ='LE(UNCLASS)'!Y43 -> 0 | Z68: ='AATF(UNCLASS)'!Y43 -> 0 | AC68: ='CEB(UNCLASS)'!Y43 -> 0 | AF68: =SUM(B68,E68,H68,K68,N68,Q68,T68,W68,Z68,AC68) -> 0 | AG68: =SUM(C68,F68,I68,L68,O68,R68,U68,X68) -> 0 | AI68: 5K FORK LIFT
A69: TRAM | B69: ='RLT3 (UNCLASS)'!Y41+'RLT3 (UNCLASS)'!Y16 -> 0 | E69: ='RLT7(UNCLASS)'!Y41+'RLT7(UNCLASS)'!Y16 -> 0 | H69: ='RLT4(UNCLASS)'!Y41+'RLT4(UNCLASS)'!Y16 -> 0 | K69: ='12TH REG(UNCLASS)'!Y41+'12TH REG(UNCLASS)'!Y16 -> 0 | N69: ='HQBN(UNCLASS)'!Y41+'HQBN(UNCLASS)'!Y16 -> 0 | Q69: ='LAR(UNCLASS)'!Y41+'LAR(UNCLASS)'!Y16 -> 0 | T69: ='RECON(UNCLASS)'!Y41+'RECON(UNCLASS)'!Y16 -> 0 | W69: ='LE(UNCLASS)'!Y41+'LE(UNCLASS)'!Y16 -> 0 | Z69: ='AATF(UNCLASS)'!Y41+'AATF(UNCLASS)'!Y16 -> 0 | AC69: ='CEB(UNCLASS)'!Y41+'CEB(UNCLASS)'!Y16 -> 0 | AF69: =SUM(B69,E69,H69,K69,N69,Q69,T69,W69,Z69,AC69) -> 0 | AG69: =SUM(C69,F69,I69,L69,O69,R69,U69,X69) -> 0 | AI69: TRAM
A70: HMMWV FOV | B70: =SUM('RLT3 (UNCLASS)'!Y63,'RLT3 (UNCLASS)'!Y66:Y70,'RLT3 (UNCLASS)'!Y92:Y93,'RLT3 (UNCLASS)'!Y97:Y98) -> 0 | E70: =SUM('RLT7(UNCLASS)'!Y63,'RLT7(UNCLASS)'!Y66:Y70,'RLT7(UNCLASS)'!Y92:Y93,'RLT7(UNCLASS)'!Y97:Y98) -> 0 | H70: =SUM('RLT4(UNCLASS)'!Y63,'RLT4(UNCLASS)'!Y66:Y70,'RLT4(UNCLASS)'!Y92:Y93,'RLT4(UNCLASS)'!Y97:Y98) -> 0 | K70: =SUM('12TH REG(UNCLASS)'!Y63,'12TH REG(UNCLASS)'!Y66:Y70,'12TH REG(UNCLASS)'!Y92:Y93,'12TH REG(UNCLASS)'!Y97:Y98) -> 0 | N70: =SUM('HQBN(UNCLASS)'!Y63,'HQBN(UNCLASS)'!Y66:Y70,'HQBN(UNCLASS)'!Y92:Y93,'HQBN(UNCLASS)'!Y97:Y98) -> 0 | Q70: =SUM('LAR(UNCLASS)'!Y63,'LAR(UNCLASS)'!Y66:Y70,'LAR(UNCLASS)'!Y92:Y93,'LAR(UNCLASS)'!Y97:Y98) -> 0 | T70: =SUM('RECON(UNCLASS)'!Y63,'RECON(UNCLASS)'!Y66:Y70,'RECON(UNCLASS)'!Y92:Y93,'RECON(UNCLASS)'!Y97:Y98) -> 0 | W70: =SUM('LE(UNCLASS)'!Y63,'LE(UNCLASS)'!Y66:Y70,'LE(UNCLASS)'!Y92:Y93,'LE(UNCLASS)'!Y97:Y98) -> 0 | Z70: =SUM('AATF(UNCLASS)'!Y63,'AATF(UNCLASS)'!Y66:Y70,'AATF(UNCLASS)'!Y92:Y93,'AATF(UNCLASS)'!Y97:Y98) -> 0 | AC70: =SUM('CEB(UNCLASS)'!Y63,'CEB(UNCLASS)'!Y66:Y70,'CEB(UNCLASS)'!Y92:Y93,'CEB(UNCLASS)'!Y97:Y98) -> 0 | AF70: =SUM(B70,E70,H70,K70,N70,Q70,T70,W70,Z70,AC70) -> 0 | AG70: =SUM(C70,F70,I70,L70,O70,R70,U70,X70) -> 0 | AI70: HMMWV FOV
A71: MRAP FOV | B71: =SUM('RLT3 (UNCLASS)'!Y64,'RLT3 (UNCLASS)'!Y65,'RLT3 (UNCLASS)'!Y72,'RLT3 (UNCLASS)'!Y77) -> 0 | E71: =SUM('RLT7(UNCLASS)'!Y64,'RLT7(UNCLASS)'!Y65,'RLT7(UNCLASS)'!Y72,'RLT7(UNCLASS)'!Y77) -> 0 | H71: =SUM('RLT4(UNCLASS)'!Y64,'RLT4(UNCLASS)'!Y65,'RLT4(UNCLASS)'!Y72,'RLT4(UNCLASS)'!Y77) -> 0 | K71: =SUM('12TH REG(UNCLASS)'!Y64,'12TH REG(UNCLASS)'!Y65,'12TH REG(UNCLASS)'!Y72,'12TH REG(UNCLASS)'!Y77) -> 0 | N71: =SUM('HQBN(UNCLASS)'!Y64,'HQBN(UNCLASS)'!Y65,'HQBN(UNCLASS)'!Y72,'HQBN(UNCLASS)'!Y77) -> 0 | Q71: =SUM('LAR(UNCLASS)'!Y64,'LAR(UNCLASS)'!Y65,'LAR(UNCLASS)'!Y72,'LAR(UNCLASS)'!Y77) -> 0 | T71: =SUM('RECON(UNCLASS)'!Y64,'RECON(UNCLASS)'!Y65,'RECON(UNCLASS)'!Y72,'RECON(UNCLASS)'!Y77) -> 0 | W71: =SUM('LE(UNCLASS)'!Y64,'LE(UNCLASS)'!Y65,'LE(UNCLASS)'!Y72,'LE(UNCLASS)'!Y77) -> 0 | Z71: =SUM('AATF(UNCLASS)'!Y64,'AATF(UNCLASS)'!Y65,'AATF(UNCLASS)'!Y72,'AATF(UNCLASS)'!Y77) -> 0 | AC71: =SUM('CEB(UNCLASS)'!Y64,'CEB(UNCLASS)'!Y65,'CEB(UNCLASS)'!Y72,'CEB(UNCLASS)'!Y77) -> 0 | AF71: =SUM(B71,E71,H71,K71,N71,Q71,T71,W71,Z71,AC71) -> 0 | AG71: =SUM(C71,F71,I71,L71,O71,R71,U71,X71) -> 0 | AI71: MRAP FOV
A72: SB MTVR FOV | B72: =SUM('RLT3 (UNCLASS)'!Y56,'RLT3 (UNCLASS)'!Y83) -> 0 | E72: =SUM('RLT7(UNCLASS)'!Y56,'RLT7(UNCLASS)'!Y83) -> 0 | H72: =SUM('RLT4(UNCLASS)'!Y56,'RLT4(UNCLASS)'!Y83) -> 0 | K72: =SUM('12TH REG(UNCLASS)'!Y56,'12TH REG(UNCLASS)'!Y83) -> 0 | N72: =SUM('HQBN(UNCLASS)'!Y56,'HQBN(UNCLASS)'!Y83) -> 0 | Q72: =SUM('LAR(UNCLASS)'!Y56,'LAR(UNCLASS)'!Y83) -> 0 | T72: =SUM('RECON(UNCLASS)'!Y56,'RECON(UNCLASS)'!Y83) -> 0 | W72: =SUM('LE(UNCLASS)'!Y56,'LE(UNCLASS)'!Y83) -> 0 | Z72: =SUM('AATF(UNCLASS)'!Y56,'AATF(UNCLASS)'!Y83) -> 0 | AC72: =SUM('CEB(UNCLASS)'!Y56,'CEB(UNCLASS)'!Y83) -> 0 | AF72: =SUM(B72,E72,H72,K72,N72,Q72,T72,W72,Z72,AC72) -> 0 | AG72: =SUM(C72,F72,I72,L72,O72,R72,U72,X72) -> 0 | AI72: SB MTVR FOV
A73: LB MTVR FOV | B73: =SUM('RLT3 (UNCLASS)'!Y57,'RLT3 (UNCLASS)'!Y94) -> 0 | E73: =SUM('RLT7(UNCLASS)'!Y57,'RLT7(UNCLASS)'!Y94) -> 0 | H73: =SUM('RLT4(UNCLASS)'!Y57,'RLT4(UNCLASS)'!Y94) -> 0 | K73: =SUM('12TH REG(UNCLASS)'!Y57,'12TH REG(UNCLASS)'!Y94) -> 0 | N73: =SUM('HQBN(UNCLASS)'!Y57,'HQBN(UNCLASS)'!Y94) -> 0 | Q73: =SUM('LAR(UNCLASS)'!Y57,'LAR(UNCLASS)'!Y94) -> 0 | T73: =SUM('RECON(UNCLASS)'!Y57,'RECON(UNCLASS)'!Y94) -> 0 | W73: =SUM('LE(UNCLASS)'!Y57,'LE(UNCLASS)'!Y94) -> 0 | Z73: =SUM('AATF(UNCLASS)'!Y57,'AATF(UNCLASS)'!Y94) -> 0 | AC73: =SUM('CEB(UNCLASS)'!Y57,'CEB(UNCLASS)'!Y94) -> 0 | AF73: =SUM(B73,E73,H73,K73,N73,Q73,T73,W73,Z73,AC73) -> 0 | AG73: =SUM(C73,F73,I73,L73,O73,R73,U73,X73) -> 0 | AI73: LB MTVR FOV
A74: MTVR WRECKER | B74: =SUM('RLT3 (UNCLASS)'!Y60) -> 0 | E74: =SUM('RLT7(UNCLASS)'!Y60) -> 0 | H74: =SUM('RLT4(UNCLASS)'!Y60) -> 0 | K74: =SUM('12TH REG(UNCLASS)'!Y60) -> 0 | N74: =SUM('HQBN(UNCLASS)'!Y60) -> 0 | Q74: =SUM('LAR(UNCLASS)'!Y60) -> 0 | T74: =SUM('RECON(UNCLASS)'!Y60) -> 0 | W74: =SUM('LE(UNCLASS)'!Y60) -> 0 | Z74: =SUM('AATF(UNCLASS)'!Y60) -> 0 | AC74: =SUM('CEB(UNCLASS)'!Y60) -> 0 | AF74: =SUM(B74,E74,H74,K74,N74,Q74,T74,W74,Z74,AC74) -> 0 | AG74: =SUM(C74,F74,I74,L74,O74,R74,U74,X74) -> 0 | AI74: MTVR WRECKER
A75: LVSR MKR-16 5TH WHEEL | B75: =SUM('RLT3 (UNCLASS)'!Y79,'RLT3 (UNCLASS)'!Y91) -> 0 | E75: =SUM('RLT7(UNCLASS)'!Y79,'RLT7(UNCLASS)'!Y91) -> 0 | H75: =SUM('RLT4(UNCLASS)'!Y79,'RLT4(UNCLASS)'!Y91) -> 0 | K75: =SUM('12TH REG(UNCLASS)'!Y79,'12TH REG(UNCLASS)'!Y91) -> 0 | N75: =SUM('HQBN(UNCLASS)'!Y79,'HQBN(UNCLASS)'!Y91) -> 0 | Q75: =SUM('LAR(UNCLASS)'!Y79,'LAR(UNCLASS)'!Y91) -> 0 | T75: =SUM('RECON(UNCLASS)'!Y79,'RECON(UNCLASS)'!Y91) -> 0 | W75: =SUM('LE(UNCLASS)'!Y79,'LE(UNCLASS)'!Y91) -> 0 | Z75: =SUM('AATF(UNCLASS)'!Y79,'AATF(UNCLASS)'!Y91) -> 0 | AC75: =SUM('CEB(UNCLASS)'!Y79,'CEB(UNCLASS)'!Y91) -> 0 | AF75: =SUM(B75,E75,H75,K75,N75,Q75,T75,W75,Z75,AC75) -> 0 | AG75: =SUM(C75,F75,I75,L75,O75,R75,U75,X75) -> 0 | AI75: LVSR MKR-16 5TH WHEEL
A76: LVSR MKR-18 SELF-LOADER | B76: =SUM('RLT3 (UNCLASS)'!Y78,'RLT3 (UNCLASS)'!Y90) -> 0 | E76: =SUM('RLT7(UNCLASS)'!Y78,'RLT7(UNCLASS)'!Y90) -> 0 | H76: =SUM('RLT4(UNCLASS)'!Y78,'RLT4(UNCLASS)'!Y90) -> 0 | K76: =SUM('12TH REG(UNCLASS)'!Y78,'12TH REG(UNCLASS)'!Y90) -> 0 | N76: =SUM('HQBN(UNCLASS)'!Y78,'HQBN(UNCLASS)'!Y90) -> 0 | Q76: =SUM('LAR(UNCLASS)'!Y78,'LAR(UNCLASS)'!Y90) -> 0 | T76: =SUM('RECON(UNCLASS)'!Y78,'RECON(UNCLASS)'!Y90) -> 0 | W76: =SUM('LE(UNCLASS)'!Y78,'LE(UNCLASS)'!Y90) -> 0 | Z76: =SUM('AATF(UNCLASS)'!Y78,'AATF(UNCLASS)'!Y90) -> 0 | AC76: =SUM('CEB(UNCLASS)'!Y78,'CEB(UNCLASS)'!Y90) -> 0 | AF76: =SUM(B76,E76,H76,K76,N76,Q76,T76,W76,Z76,AC76) -> 0 | AG76: =SUM(C76,F76,I76,L76,O76,R76,U76,X76) -> 0 | AI76: LVSR MKR-18 SELF-LOADER
A77: LVSR WRECKER | B77: =SUM('RLT3 (UNCLASS)'!Y80) -> 0 | E77: =SUM('RLT7(UNCLASS)'!Y80) -> 0 | H77: =SUM('RLT4(UNCLASS)'!Y80) -> 0 | K77: =SUM('12TH REG(UNCLASS)'!Y80) -> 0 | N77: =SUM('HQBN(UNCLASS)'!Y80) -> 0 | Q77: =SUM('LAR(UNCLASS)'!Y80) -> 0 | T77: =SUM('RECON(UNCLASS)'!Y80) -> 0 | W77: =SUM('LE(UNCLASS)'!Y80) -> 0 | Z77: =SUM('AATF(UNCLASS)'!Y80) -> 0 | AC77: =SUM('CEB(UNCLASS)'!Y80) -> 0 | AF77: =SUM(B77,E77,H77,K77,N77,Q77,T77,W77,Z77,AC77) -> 0 | AG77: =SUM(C77,F77,I77,L77,O77,R77,U77,X77) -> 0 | AI77: LVSR WRECKER
A78: AVLB | B78: ='RLT3 (UNCLASS)'!Y111 -> 0 | E78: ='RLT7(UNCLASS)'!Y111 -> 0 | H78: ='RLT4(UNCLASS)'!Y111 -> 0 | K78: ='12TH REG(UNCLASS)'!Y111 -> 0 | N78: ='HQBN(UNCLASS)'!Y111 -> 0 | Q78: ='LAR(UNCLASS)'!Y111 -> 0 | T78: ='RECON(UNCLASS)'!Y111 -> 0 | W78: ='LE(UNCLASS)'!Y111 -> 0 | Z78: ='AATF(UNCLASS)'!Y111 -> 0 | AC78: ='CEB(UNCLASS)'!Y111 -> 0 | AF78: =SUM(B78,E78,H78,K78,N78,Q78,T78,W78,Z78,AC78) -> 0 | AG78: =SUM(C78,F78,I78,L78,O78,R78,U78,X78) -> 0 | AI78: ALBV
A79: ABV | B79: ='RLT3 (UNCLASS)'!Y23 -> 0 | E79: ='RLT7(UNCLASS)'!Y23 -> 0 | H79: ='RLT4(UNCLASS)'!Y23 -> 0 | K79: ='12TH REG(UNCLASS)'!Y23 -> 0 | N79: ='HQBN(UNCLASS)'!Y23 -> 0 | Q79: ='LAR(UNCLASS)'!Y23 -> 0 | T79: ='RECON(UNCLASS)'!Y23 -> 0 | W79: ='LE(UNCLASS)'!Y23 -> 0 | Z79: ='AATF(UNCLASS)'!Y23 -> 0 | AC79: ='CEB(UNCLASS)'!Y23 -> 0 | AF79: =SUM(B79,E79,H79,K79,N79,Q79,T79,W79,Z79,AC79) -> 0 | AG79: =SUM(C79,F79,I79,L79,O79,R79,U79,X79) -> 0 | AI79: ABV
A80: AAV | B80: =SUM('RLT3 (UNCLASS)'!Y117:Y118) -> 0 | E80: =SUM('RLT7(UNCLASS)'!Y117:Y118) -> 0 | H80: =SUM('RLT4(UNCLASS)'!Y117:Y118) -> 0 | K80: =SUM('12TH REG(UNCLASS)'!Y117:Y118) -> 0 | N80: =SUM('HQBN(UNCLASS)'!Y117:Y118) -> 0 | Q80: =SUM('LAR(UNCLASS)'!Y117:Y118) -> 0 | T80: =SUM('RECON(UNCLASS)'!Y117:Y118) -> 0 | W80: =SUM('LE(UNCLASS)'!Y117:Y118) -> 0 | Z80: =SUM('AATF(UNCLASS)'!Y117:Y118) -> 0 | AC80: =SUM('CEB(UNCLASS)'!Y117:Y118) -> 0 | AF80: =SUM(B80,E80,H80,K80,N80,Q80,T80,W80,Z80,AC80) -> 0 | AG80: =SUM(C80,F80,I80,L80,O80,R80,U80,X80) -> 0 | AI80: AAV
A81: AAV-R7 | B81: ='RLT3 (UNCLASS)'!Y119 -> 0 | E81: ='RLT7(UNCLASS)'!Y119 -> 0 | H81: ='RLT4(UNCLASS)'!Y119 -> 0 | K81: ='12TH REG(UNCLASS)'!Y119 -> 0 | N81: ='HQBN(UNCLASS)'!Y119 -> 0 | Q81: ='LAR(UNCLASS)'!Y119 -> 0 | T81: ='RECON(UNCLASS)'!Y119 -> 0 | W81: ='LE(UNCLASS)'!Y119 -> 0 | Z81: ='AATF(UNCLASS)'!Y119 -> 0 | AC81: ='CEB(UNCLASS)'!Y119 -> 0 | AF81: =SUM(B81,E81,H81,K81,N81,Q81,T81,W81,Z81,AC81) -> 0 | AG81: =SUM(C81,F81,I81,L81,O81,R81,U81,X81) -> 0 | AI81: AAV-R7
A82: LAV FOV | B82: =SUM('RLT3 (UNCLASS)'!Y123:Y128) -> 0 | E82: =SUM('RLT7(UNCLASS)'!Y123:Y128) -> 0 | H82: =SUM('RLT4(UNCLASS)'!Y123:Y128) -> 0 | K82: =SUM('12TH REG(UNCLASS)'!Y123:Y128) -> 0 | N82: =SUM('HQBN(UNCLASS)'!Y123:Y128) -> 0 | Q82: =SUM('LAR(UNCLASS)'!Y123:Y128) -> 0 | T82: =SUM('RECON(UNCLASS)'!Y123:Y128) -> 0 | W82: =SUM('LE(UNCLASS)'!Y123:Y128) -> 0 | Z82: =SUM('AATF(UNCLASS)'!Y123:AB128) -> 0 | AC82: =SUM('CEB(UNCLASS)'!Y123:AE128) -> 0 | AF82: =SUM(B82,E82,H82,K82,N82,Q82,T82,W82,Z82,AC82) -> 0 | AG82: =SUM(C82,F82,I82,L82,O82,R82,U82,X82) -> 0 | AI82: LAV FOV
A83: M1A1 | B83: ='RLT3 (UNCLASS)'!X149 -> 0 | E83: ='RLT7(UNCLASS)'!Y149 -> 0 | H83: ='RLT4(UNCLASS)'!Y149 -> 0 | K83: ='12TH REG(UNCLASS)'!Y149 -> 0 | N83: ='HQBN(UNCLASS)'!Y149 -> 0 | Q83: ='LAR(UNCLASS)'!Y149 -> 0 | T83: ='RECON(UNCLASS)'!Y149 -> 0 | W83: ='LE(UNCLASS)'!Y149 -> 0 | Z83: ='AATF(UNCLASS)'!Y149 -> 0 | AC83: ='CEB(UNCLASS)'!Y149 -> 0 | AF83: =SUM(B83,E83,H83,K83,N83,Q83,T83,W83,Z83,AC83) -> 0 | AG83: =SUM(C83,F83,I83,L83,O83,R83,U83,X83) -> 0 | AI83: M1A1
A84: M-88 | B84: ='RLT3 (UNCLASS)'!Y142 -> 0 | E84: ='RLT7(UNCLASS)'!Y142 -> 0 | H84: ='RLT4(UNCLASS)'!Y142 -> 0 | K84: ='12TH REG(UNCLASS)'!Y142 -> 0 | N84: ='HQBN(UNCLASS)'!Y142 -> 0 | Q84: ='LAR(UNCLASS)'!Y142 -> 0 | T84: ='RECON(UNCLASS)'!Y142 -> 0 | W84: ='LE(UNCLASS)'!Y142 -> 0 | Z84: 0 | AC84: ='CEB(UNCLASS)'!Y142 -> 0 | AF84: =SUM(B84,E84,H84,K84,N84,Q84,T84,W84,Z84,AC84) -> 0 | AG84: =SUM(C84,F84,I84,L84,O84,R84,U84,X84) -> 0 | AI84: M-88
A85: M-777 | B85: ='RLT3 (UNCLASS)'!Y116 -> 0 | E85: ='RLT7(UNCLASS)'!Y116 -> 0 | H85: ='RLT4(UNCLASS)'!Y116 -> 0 | K85: ='12TH REG(UNCLASS)'!Y116 -> 0 | N85: ='HQBN(UNCLASS)'!Y116 -> 0 | Q85: ='LAR(UNCLASS)'!Y116 -> 0 | T85: ='RECON(UNCLASS)'!Y116 -> 0 | W85: ='LE(UNCLASS)'!Y116 -> 0 | Z85: ='AATF(UNCLASS)'!Y116 -> 0 | AC85: ='CEB(UNCLASS)'!Y116 -> 0 | AF85: =SUM(B85,E85,H85,K85,N85,Q85,T85,W85,Z85,AC85) -> 0 | AG85: =SUM(C85,F85,I85,L85,O85,R85,U85,X85) -> 0 | AI85: M-777
A86: QUADCON (ORGANIZATIONAL GEAR) | B86: ='RLT3 (UNCLASS)'!Y47 -> 0 | E86: ='RLT7(UNCLASS)'!Y47 -> 0 | H86: ='RLT4(UNCLASS)'!Y47 -> 0 | K86: ='12TH REG(UNCLASS)'!Y47 -> 0 | N86: ='HQBN(UNCLASS)'!Y47 -> 0 | Q86: ='LAR(UNCLASS)'!Y47 -> 0 | T86: ='RECON(UNCLASS)'!Y47 -> 0 | W86: ='LE(UNCLASS)'!Y47 -> 0 | Z86: ='AATF(UNCLASS)'!Y47 -> 0 | AC86: ='CEB(UNCLASS)'!Y47 -> 0 | AF86: =SUM(B86,E86,H86,K86,N86,Q86,T86,W86,Z86,AC86) -> 0 | AG86: =SUM(C86,F86,I86,L86,O86,R86,U86,X86) -> 0 | AI86: QUADCON (ORGANIZATIONAL GEAR)
A87: PALCON (ORGANIZATIONAL GEAR) | B87: ='RLT3 (UNCLASS)'!Y46 -> 0 | E87: ='RLT7(UNCLASS)'!Y46 -> 0 | H87: ='RLT4(UNCLASS)'!Y46 -> 0 | K87: ='12TH REG(UNCLASS)'!Y46 -> 0 | N87: ='HQBN(UNCLASS)'!Y46 -> 0 | Q87: ='LAR(UNCLASS)'!Y46 -> 0 | T87: ='RECON(UNCLASS)'!Y46 -> 0 | W87: ='LE(UNCLASS)'!Y46 -> 0 | Z87: ='AATF(UNCLASS)'!Y46 -> 0 | AC87: ='CEB(UNCLASS)'!Y46 -> 0 | AF87: =SUM(B87,E87,H87,K87,N87,Q87,T87,W87,Z87,AC87) -> 0 | AG87: =SUM(C87,F87,I87,L87,O87,R87,U87,X87) -> 0 | AI87: PALCON (ORGANIZATIONAL GEAR)
AF88: =SUM(B88,E88,H88,K88,N88,Q88,T88,W88) -> 0 | AG88: =SUM(C88,F88,I88,L88,O88,R88,U88,X88) -> 0
A89: ORGANIC ASSAULT RATE SUSTAINMENT MODELING | AI89: ORGANIC ASSAULT RATE SUSTAINMENT MODELING
A90: ORGANIC BULK WATER SUSTAINMENT OVERVIEW | AI90: ORGANIC BULK WATER SUSTAINMENT OVERVIEW
A91: WATERCANS ASSIGNED (#) / CAPACITY (GAL) | B91: ='RLT3 (UNCLASS)'!Y165 -> 0 | C91: =B91*5 -> 0 | E91: ='RLT7(UNCLASS)'!Y165 -> 0 | F91: =E91*5 -> 0 | H91: ='RLT4(UNCLASS)'!Y165 -> 0 | I91: =H91*5 -> 0 | K91: ='12TH REG(UNCLASS)'!Y165 -> 0 | L91: =K91*5 -> 0 | N91: ='HQBN(UNCLASS)'!Y165 -> 0 | O91: =N91*5 -> 0 | Q91: ='LAR(UNCLASS)'!Y165 -> 0 | R91: =Q91*5 -> 0 | T91: ='RECON(UNCLASS)'!Y165 -> 0 | U91: =T91*5 -> 0 | W91: ='LE(UNCLASS)'!Y165 -> 0 | X91: =W91*5 -> 0 | Z91: ='AATF(UNCLASS)'!Y165 -> 0 | AA91: =Z91*5 -> 0 | AC91: ='CEB(UNCLASS)'!Y165 -> 0 | AD91: =AC91*5 -> 0 | AF91: =SUM(B91,E91,H91,K91,N91,Q91,T91,W91,Z91,AC91) -> 0 | AG91: =AF91*5 -> 0 | AI91: WATERCANS ASSIGNED (#) / CAPACITY (GAL)
A92: WATERBULLS ASSIGNED (#) / CAPACITY | B92: ='RLT3 (UNCLASS)'!Y89 -> 0 | C92: =B92*400 -> 0 | E92: ='RLT7(UNCLASS)'!Y89 -> 0 | F92: =E92*400 -> 0 | H92: ='RLT4(UNCLASS)'!Y89 -> 0 | I92: =H92*400 -> 0 | K92: ='12TH REG(UNCLASS)'!Y89 -> 0 | L92: =K92*400 -> 0 | N92: ='HQBN(UNCLASS)'!Y89 -> 0 | O92: =N92*400 -> 0 | Q92: ='LAR(UNCLASS)'!Y89 -> 0 | R92: =Q92*400 -> 0 | T92: ='RECON(UNCLASS)'!Y89 -> 0 | U92: =T92*400 -> 0 | W92: ='LE(UNCLASS)'!Y89 -> 0 | X92: =W92*400 -> 0 | Z92: ='AATF(UNCLASS)'!Y89 -> 0 | AA92: =Z92*400 -> 0 | AC92: ='CEB(UNCLASS)'!Y89 -> 0 | AD92: =AC92*400 -> 0 | AF92: =SUM(B92,E92,H92,K92,N92,Q92,T92,W92,Z92,AC92) -> 0 | AG92: =AF92*400 -> 0 | AI92: WATERBULLS ASSIGNED (#) / CAPACITY
A93: WATER SIXCON ASSIGNED (#) / CAPACITY | B93: ='RLT3 (UNCLASS)'!Y37 -> 0 | C93: =B93*900 -> 0 | E93: ='RLT7(UNCLASS)'!Y37 -> 0 | F93: =E93*900 -> 0 | H93: ='RLT4(UNCLASS)'!Y37 -> 0 | I93: =H93*900 -> 0 | K93: ='12TH REG(UNCLASS)'!Y37 -> 0 | L93: =K93*900 -> 0 | N93: ='HQBN(UNCLASS)'!Y37 -> 0 | O93: =N93*900 -> 0 | Q93: ='LAR(UNCLASS)'!Y37 -> 0 | R93: =Q93*900 -> 0 | T93: ='RECON(UNCLASS)'!Y37 -> 0 | U93: =T93*900 -> 0 | W93: ='LE(UNCLASS)'!Y37 -> 0 | X93: =W93*900 -> 0 | Z93: ='AATF(UNCLASS)'!Y37 -> 0 | AA93: =Z93*900 -> 0 | AC93: ='CEB(UNCLASS)'!AB37 -> 0 | AD93: =AC93*900 -> 0 | AF93: =SUM(B93,E93,H93,K93,N93,Q93,T93,W93,Z93,AC93) -> 0 | AG93: =AF93*900 -> 0 | AI93: WATER SIXCON ASSIGNED (#) / CAPACITY
A94: TOTAL BULK WATER CAPACITY (GAL) / DOS | B94: =SUM(C91,C92,C93) -> 0 | C94: =B94/B13 -> #DIV/0! | E94: =SUM(F91,F92,F93) -> 0 | F94: =E94/E13 -> #DIV/0! | H94: =SUM(I91,I92,I93) -> 0 | I94: =H94/H13 -> #DIV/0! | K94: =SUM(L91,L92,L93) -> 0 | L94: =K94/K13 -> #DIV/0! | N94: =SUM(O91,O92,O93) -> 0 | O94: =N94/N13 -> #DIV/0! | Q94: =SUM(R91,R92,R93) -> 0 | R94: =Q94/Q13 -> #DIV/0! | T94: =SUM(U91,U92,U93) -> 0 | U94: =T94/T13 -> #DIV/0! | W94: =SUM(X91,X92,X93) -> 0 | X94: =W94/W13 -> #DIV/0! | Z94: =SUM(AA91,AA92,AA93) -> 0 | AA94: =Z94/Z13 -> #DIV/0! | AC94: =SUM(AD91,AD92,AD93) -> 0 | AD94: =AC94/AC13 -> #DIV/0! | AF94: =SUM(B94,E94,H94,K94,N94,Q94,T94,W94,Z94,AC94) -> 0 | AG94: =AF94/AF13 -> #DIV/0! | AI94: TOTAL BULK WATER CAPACITY (GAL) / DOS
A95: TEU REQ / SB MTVR REQ | B95: =B93/4 -> 0 | C95: =B93/2 -> 0 | E95: =E93/4 -> 0 | F95: =E93/2 -> 0 | H95: =H93/4 -> 0 | I95: =H93/2 -> 0 | K95: =K93/4 -> 0 | L95: =K93/2 -> 0 | N95: =N93/4 -> 0 | O95: =N93/2 -> 0 | Q95: =Q93/4 -> 0 | R95: =Q93/2 -> 0 | T95: =T93/4 -> 0 | U95: =T93/2 -> 0 | W95: =W93/4 -> 0 | X95: =W93/2 -> 0 | Z95: =Z93/4 -> 0 | AA95: =Z93/2 -> 0 | AC95: =AC93/4 -> 0 | AD95: =AC93/2 -> 0 | AF95: =AF93/4 -> 0 | AG95: =AF93/2 -> 0 | AI95: TEU REQ / SB MTVR REQ
A96: ORGANIC BULK FUEL SUSTAINMENT OVERVIEW | AF96: =SUM(B96,E96,H96,K96,N96,Q96,T96,W96) -> 0 | AG96: =SUM(C96,F96,I96,L96,O96,R96,U96,X96) -> 0 | AI96: ORGANIC BULK FUEL SUSTAINMENT OVERVIEW
A97: FUELCANS (#) / CAPACITY (GAL) | B97: ='RLT3 (UNCLASS)'!Y164 -> 0 | C97: =B97*5 -> 0 | E97: ='RLT7(UNCLASS)'!Y164 -> 0 | F97: =E97*5 -> 0 | H97: ='RLT4(UNCLASS)'!Y164 -> 0 | I97: =H97*5 -> 0 | K97: ='12TH REG(UNCLASS)'!Y164 -> 0 | L97: =K97*5 -> 0 | N97: ='HQBN(UNCLASS)'!Y164 -> 0 | O97: =N97*5 -> 0 | Q97: ='LAR(UNCLASS)'!Y164 -> 0 | R97: =Q97*5 -> 0 | T97: ='RECON(UNCLASS)'!Y164 -> 0 | U97: =T97*5 -> 0 | W97: ='LE(UNCLASS)'!Y164 -> 0 | X97: =W97*5 -> 0 | Z97: ='AATF(UNCLASS)'!Y164 -> 0 | AA97: =Z97*5 -> 0 | AC97: ='CEB(UNCLASS)'!Y164 -> 0 | AD97: =AC97*5 -> 0 | AF97: =SUM(B97,E97,H97,K97,N97,Q97,T97,W97,Z97,AC97) -> 0 | AG97: =AF97*5 -> 0 | AI97: FUELCANS (#) / CAPACITY (GAL)
A98: FUEL SIXCON (#) / CAPACITY (GAL) | B98: ='RLT3 (UNCLASS)'!Y36 -> 0 | C98: =B98*850 -> 0 | E98: ='RLT7(UNCLASS)'!Y36 -> 0 | F98: =E98*850 -> 0 | H98: ='RLT4(UNCLASS)'!Y36 -> 0 | I98: =H98*850 -> 0 | K98: ='12TH REG(UNCLASS)'!Y36 -> 0 | L98: =K98*850 -> 0 | N98: ='HQBN(UNCLASS)'!Y36 -> 0 | O98: =N98*850 -> 0 | Q98: ='LAR(UNCLASS)'!Y36 -> 0 | R98: =Q98*850 -> 0 | T98: ='RECON(UNCLASS)'!Y36 -> 0 | U98: =T98*850 -> 0 | W98: ='LE(UNCLASS)'!Y36 -> 0 | X98: =W98*850 -> 0 | Z98: ='AATF(UNCLASS)'!Y36 -> 0 | AA98: =Z98*850 -> 0 | AC98: ='CEB(UNCLASS)'!Y36 -> 0 | AD98: =AC98*850 -> 0 | AF98: =SUM(B98,E98,H98,K98,N98,Q98,T98,W98,Z98,AC98) -> 0 | AG98: =AF98*850 -> 0 | AI98: FUEL SIXCON (#) / CAPACITY (GAL)
A99: FLATRACK REFULER (#) / CAPACITY (GAL) | B99: ='RLT3 (UNCLASS)'!Y84 -> 0 | C99: =B99*4800 -> 0 | E99: ='RLT7(UNCLASS)'!Y84 -> 0 | F99: =E99*4800 -> 0 | H99: ='RLT4(UNCLASS)'!Y84 -> 0 | I99: =H99*4800 -> 0 | K99: ='12TH REG(UNCLASS)'!Y84 -> 0 | L99: =K99*4800 -> 0 | N99: ='HQBN(UNCLASS)'!Y84 -> 0 | O99: =N99*4800 -> 0 | Q99: ='LAR(UNCLASS)'!Y84 -> 0 | R99: =Q99*4800 -> 0 | T99: ='RECON(UNCLASS)'!Y84 -> 0 | U99: =T99*4800 -> 0 | W99: ='LE(UNCLASS)'!Y84 -> 0 | X99: =W99*4800 -> 0 | Z99: ='AATF(UNCLASS)'!Y84 -> 0 | AA99: =Z99*4800 -> 0 | AC99: ='CEB(UNCLASS)'!Y84 -> 0 | AD99: =AC99*4800 -> 0 | AF99: =SUM(B99,E99,H99,K99,N99,Q99,T99,W99,Z99,AC99) -> 0 | AG99: =AF99*2800 -> 0 | AI99: FLATRACK REFULER (#) / CAPACITY (GAL)
A100: TOTAL BULK FUEL CAPACITY (GAL) / DOS | B100: =SUM(C98,C99,C97) -> 0 | C100: =B100/B28 -> #DIV/0! | E100: =SUM(F98,F99,F97) -> 0 | F100: =E100/E28 -> #DIV/0! | H100: =SUM(I98,I99,I97) -> 0 | I100: =H100/H28 -> #DIV/0! | K100: =SUM(L98,L99,L97) -> 0 | L100: =K100/K28 -> #DIV/0! | N100: =SUM(O98,O99,O97) -> 0 | O100: =N100/N28 -> #DIV/0! | Q100: =SUM(R98,R99,R97) -> 0 | R100: =Q100/Q28 -> #DIV/0! | T100: =SUM(U98,U99,U97) -> 0 | U100: =T100/T28 -> #DIV/0! | W100: =SUM(X98,X99,X97) -> 0 | X100: =W100/W28 -> #DIV/0! | Z100: =SUM(AA98,AA99,AA97) -> 0 | AA100: =Z100/Z28 -> #DIV/0! | AC100: =SUM(AD98,AD99,AD97) -> 0 | AD100: =AC100/AC28 -> #DIV/0! | AF100: =SUM(AG98,AG99,AG97) -> 0 | AG100: =AF100/AF28 -> #DIV/0! | AI100: TOTAL BULK FUEL CAPACITY (GAL) / DOS
...

Sheet EQUIP SUM (UNCLASS)
A1: EQUIPMENT SUMMARY
A2: TAMCN | B2: NOMEN | C2: EQUIP TYPE | D2: AAV BN | E2: ARTILLERY BN | F2: CAB | G2: CBT ENG BN | H2: HIMARS BN (5/11) | I2: INFANTRY BN | J2: LAR BN | K2: RECON BN | L2: TANK BN | M2: DIV HQ BN | N2: 3D MARINES HQ CO | O2: 4th MARINES HQ | P2: 7th MARINES HQ | Q2: 12 MARINES HQ BAT | R2: MPSRON 3 GUAM | S2: MPSRON 2 DG | T2: MPF TOTAL | U2: LE BATTALION | V2: w | W2: LENGTH | X2: WIDTH | Y2: HEIGHT | Z2: SQFT | AA2: CUBIC FEET | AB2: WT (GVW COMBAT LOADED) | AC2: FUEL CAPACITY | AD2: BURN RATE (MPG OR MPH) | AE2: CREW | AF2: PASSENGERS | AG2: FUEL PAYLOAD | AH2: WATER PAYLOAD | AI2: PAYLOAD | AJ2: PALLETS/PALCON | AK2: SIXCON TRANSSPO | AL2: QUADCON | AM2: ISCOCON | AN2: . | AO2: COMBAT LOAD PALLET | AP2: COMBAT LOAD PALLET WEIGHT | AQ2: ASLT RATE PALLET | AR2: ASLT RATE PALLET WEIGHT | AS2: SUSTAIN RATE PALLET | AT2: SUSTAIN RATE PALLET WEIGHT | AU2: . | AV2: UNITS/LCAC SPACE | AW2: UNITS/LCAC WEIGHT | AX2: LCACS LOADS (SQR OR WT OUT) | AY2: . | AZ2: UNITS/LCU SPACE | BA2: UNITS/LCU WEIGHT | BB2: TOTAL LCU
A3: A0067 | B3: MRC-148 (HF) (M1123 HMMWV ASSOICIATED) | C3: C2 VIC | D3: 2 | E3: 8 | F3: 4 | G3: 6 | H3: 6 | I3: 3 | J3: 3 | K3: 7 | L3: 3 | M3: 16 | N3: 5 | O3: 5 | P3: 5 | Q3: 9 | R3: 23 | S3: 23 | T3: =R3+S3 -> 46 | U3: 0 | W3: 182.5 | X3: 86 | Y3: 73.5 | Z3: =(W3/12)*(X3/12) -> 108.99306 | AA3: =(W3/12)*(X3/12)*(Y3/12) -> 667.58247 | AB3: 10300 | AC3: 25 | AD3: 11 | AE3: 2 | AF3: 0 | AG3: 0 | AH3: 0 | AI3: 4450 | AJ3: 1 | AK3: 0 | AL3: 0 | AM3: 0 | AO3: 0 | AP3: 0 | AQ3: 0 | AR3: 0 | AS3: 0 | AT3: 0 | AV3: =1809/Z3 -> 16.597388 | AW3: =120000/AB3 -> 11.650485 | AX3: =AB3/120000 -> 0.085833333 | AZ3: =1850/Z3 -> 16.973558 | BA3: =412000/AB3 -> 40 | BB3: =Z3/1850 -> 0.058915165
A4: A0153 | B4: MRC-142 (MULTI CH) (M1123 HMMWV ASSOICIATED) | C4: C2 VIC | D4: 0 | E4: 0 | F4: 0 | G4: 0 | H4: 0 | I4: 0 | J4: 0 | K4: 0 | L4: 0 | M4: 10 | N4: 4 | O4: 4 | P4: 4 | Q4: 4 | R4: 5 | S4: 5 | T4: =R4+S4 -> 10 | U4: 0 | W4: 182.5 | X4: 86 | Y4: 73.5 | Z4: =(W4/12)*(X4/12) -> 108.99306 | AA4: =(W4/12)*(X4/12)*(Y4/12) -> 667.58247 | AB4: 10300 | AC4: 25 | AD4: 11 | AE4: 2 | AF4: 0 | AG4: 0 | AH4: 0 | AI4: 4450 | AJ4: 1 | AK4: 0 | AL4: 0 | AM4: 0 | AO4: 0 | AP4: 0 | AQ4: 0 | AR4: 0 | AS4: 0 | AT4: 0 | AV4: =1809/Z4 -> 16.597388 | AW4: =120000/AB4 -> 11.650485 | AX4: =AB4/120000 -> 0.085833333 | AZ4: =1850/Z4 -> 16.973558 | BA4: =412000/AB4 -> 40 | BB4: =Z4/1850 -> 0.058915165
A5: A0403 | B5: MRC-145 (VHF RETRANS) (M1123 ASSOCIATED) | C5: C2 VIC | D5: 0 | E5: 9 | F5: 0 | G5: 0 | H5: 15 | I5: 5 | J5: 3 | K5: 6 | L5: 4 | M5: 15 | N5: 4 | O5: 4 | P5: 4 | Q5: 4 | R5: 0 | S5: 0 | T5: =R5+S5 -> 0 | U5: 0 | W5: 182.5 | X5: 86 | Y5: 73.5 | Z5: =(W5/12)*(X5/12) -> 108.99306 | AA5: =(W5/12)*(X5/12)*(Y5/12) -> 667.58247 | AB5: 10300 | AC5: 25 | AD5: 11 | AE5: 2 | AF5: 0 | AG5: 0 | AH5: 0 | AI5: 4450 | AJ5: 1 | AK5: 0 | AL5: 0 | AM5: 0 | AO5: 0 | AP5: 0 | AQ5: 0 | AR5: 0 | AS5: 0 | AT5: 0 | AV5: =1809/Z5 -> 16.597388 | AW5: =120000/AB5 -> 11.650485 | AX5: =AB5/120000 -> 0.085833333 | AZ5: =1850/Z5 -> 16.973558 | BA5: =412000/AB5 -> 40 | BB5: =Z5/1850 -> 0.058915165
A6: A1957 | B6: MRC-145 (VHF RETRANS (M1123 ASSOCIATED) | C6: C2 VIC | D6: 7 | E6: 20 | F6: 0 | G6: 5 | H6: 22 | I6: 5 | J6: 3 | K6: 0 | L6: 11 | M6: 24 | N6: 8 | O6: 8 | P6: 8 | Q6: 1 | R6: 53 | S6: 53 | T6: =R6+S6 -> 106 | U6: 0 | W6: 182.5 | X6: 86 | Y6: 73.5 | Z6: =(W6/12)*(X6/12) -> 108.99306 | AA6: =(W6/12)*(X6/12)*(Y6/12) -> 667.58247 | AB6: 10300 | AC6: 25 | AD6: 11 | AE6: 2 | AF6: 0 | AG6: 0 | AH6: 0 | AI6: 4450 | AJ6: 1 | AK6: 0 | AL6: 0 | AM6: 0 | AO6: 0 | AP6: 0 | AQ6: 0 | AR6: 0 | AS6: 0 | AT6: 0 | AV6: =1809/Z6 -> 16.597388 | AW6: =120000/AB6 -> 11.650485 | AX6: =AB6/120000 -> 0.085833333 | AZ6: =1850/Z6 -> 16.973558 | BA6: =412000/AB6 -> 40 | BB6: =Z6/1850 -> 0.058915165
A7: A0457 | B7: JLTV MRC-145B (NOT DELIVERED YET) | C7: C2 VIC | D7: 6 | E7: 11 | F7: 0 | G7: 3 | H7: 0 | I7: 5 | J7: 1 | K7: 2 | L7: 1 | M7: 12 | N7: 8 | O7: 8 | P7: 8 | Q7: 5 | R7: 0 | S7: 0 | T7: =R7+S7 -> 0 | U7: 0 | W7: 246.12 | X7: 98.4 | Y7: 102.36 | Z7: =(W7/12)*(X7/12) -> 168.182 | AA7: =(W7/12)*(X7/12)*(Y7/12) -> 1434.5925 | AB7: 19842 | AC7: 30 | AD7: 10 | AE7: 2 | AF7: 3 | AG7: 0 | AH7: 0 | AI7: 2000 | AJ7: 0.5 | AK7: 0 | AL7: 0 | AM7: 0 | AO7: 0 | AP7: 0 | AQ7: 0 | AR7: 0 | AS7: 0 | AT7: 0 | AV7: 0 | AW7: 0 | AX7: 0 | AZ7: 0 | BA7: 0 | BB7: 0
A8: A0458 | B8: JLTV MRC-148 (NOT DELIVERED YET) | C8: C2 VIC | D8: 1 | E8: 6 | F8: 2 | G8: 3 | H8: 0 | I8: 3 | J8: 1 | K8: 4 | L8: 1 | M8: 10 | N8: 5 | O8: 5 | P8: 5 | Q8: 5 | R8: 0 | S8: 0 | T8: =R8+S8 -> 0 | U8: 0 | W8: 246.12 | X8: 98.4 | Y8: 102.36 | Z8: =(W8/12)*(X8/12) -> 168.182 | AA8: =(W8/12)*(X8/12)*(Y8/12) -> 1434.5925 | AB8: 19842 | AC8: 30 | AD8: 10 | AE8: 2 | AF8: 3 | AG8: 0 | AH8: 0 | AI8: 2000 | AJ8: 0.5 | AK8: 0 | AL8: 0 | AM8: 0 | AO8: 0 | AP8: 0 | AQ8: 0 | AR8: 0 | AS8: 0 | AT8: 0 | AV8: 0 | AW8: 0 | AX8: 0 | AZ8: 0 | BA8: 0 | BB8: 0
A9: B0035 | B9: BUFFALO 6x6 | C9: MRAP | D9: 0 | E9: 0 | F9: 0 | G9: 3 | H9: 0 | I9: 0 | J9: 0 | K9: 0 | L9: 0 | M9: 0 | N9: 0 | O9: 0 | P9: 0 | Q9: 0 | R9: 1 | S9: 1 | T9: =R9+S9 -> 2 | U9: 0 | W9: 323 | X9: 106 | Y9: 156 | Z9: =(W9/12)*(X9/12) -> 237.76389 | AA9: =(W9/12)*(X9/12)*(Y9/12) -> 3090.9306 | AB9: 53500 | AC9: 85 | AD9: 3.8 | AE9: 2 | AF9: 4 | AG9: 0 | AH9: 0 | AI9: 22500 | AJ9: 0 | AK9: 0 | AL9: 0 | AM9: 0 | AO9: 0 | AP9: 0 | AQ9: 0 | AR9: 0 | AS9: 0 | AT9: 0 | AV9: =1809/Z9 -> 7.6083883 | AW9: =120000/AB9 -> 2.2429907 | AX9: =AB9/120000 -> 0.44583333 | AZ9: =1850/Z9 -> 7.7808283 | BA9: =412000/AB9 -> 7.7009346 | BB9: =AB9/412000 -> 0.12985437
A10: B0036 | B10: GRND EXP REFUEL SYSTEM, MED (GERS-M) | C10: FUEL | D10: 4 | E10: 0 | F10: 1 | G10: 4 | H10: 0 | I10: 0 | J10: 2 | K10: 0 | L10: 0 | M10: 6 | N10: 1 | O10: 1 | P10: 1 | Q10: 1 | R10: 4 | S10: 4 | T10: =R10+S10 -> 8 | U10: 0 | W10: 240 | X10: 240 | Y10: 120 | Z10: =(W10/12)*(X10/12) -> 400 | AA10: =(W10/12)*(X10/12)*(Y10/12) -> 4000 | AB10: 5173 | AC10: 620 | AD10: 0 | AE10: 0 | AF10: 0 | AG10: 620 | AH10: 0 | AI10: 0 | AJ10: 0 | AK10: 0 | AL10: 0 | AM10: 0 | AO10: 0 | AP10: 0 | AQ10: 0 | AR10: 0 | AS10: 0 | AT10: 0 | AV10: =1809/Z10 -> 4.5225 | AW10: =120000/AB10 -> 23.197371 | AX10: =Z10/1809 -> 0.22111664 | AZ10: =1850/Z10 -> 4.625 | BA10: =412000/AB10 -> 79.644307 | BB10: =Z10/1850 -> 0.21621622
A11: B0037 | B11: GRND EXP REFUEL SYSTEM, SMALL (GERS-S) | C11: FUEL | D11: 4 | E11: 0 | F11: 1 | G11: 4 | H11: 0 | I11: 0 | J11: 2 | K11: 0 | L11: 0 | M11: 6 | N11: 1 | O11: 1 | P11: 1 | Q11: 1 | R11: 4 | S11: 4 | T11: =R11+S11 -> 8 | U11: 0 | W11: 240 | X11: 180 | Y11: 120 | Z11: =(W11/12)*(X11/12) -> 300 | AA11: =(W11/12)*(X11/12)*(Y11/12) -> 3000 | AB11: 1730 | AC11: 168 | AD11: 0 | AE11: 0 | AF11: 0 | AG11: 168 | AH11: 0 | AI11: 0 | AJ11: 0 | AK11: 0 | AL11: 0 | AM11: 0 | AO11: 0 | AP11: 0 | AQ11: 0 | AR11: 0 | AS11: 0 | AT11: 0 | AV11: =1809/Z11 -> 6.03 | AW11: =120000/AB11 -> 69.364162 | AX11: =Z11/1809 -> 0.16583748 | AZ11: =1850/Z11 -> 6.1666667 | BA11: =412000/AB11 -> 238.15029 | BB11: =Z11/1850 -> 0.16216216
A12: B0040 | B12: MULTI-TERRAIN LOADER (MTL) | C12: HE | D12: 0 | E12: 0 | F12: 4 | G12: 18 | H12: 0 | I12: 0 | J12: 0 | K12: 0 | L12: 0 | M12: 0 | N12: 0 | O12: 0 | P12: 0 | Q12: 4 | R12: 2 | S12: 2 | T12: =R12+S12 -> 4 | U12: 0 | W12: 78 | X12: 150 | Y12: 82 | Z12: =(W12/12)*(X12/12) -> 81.25 | AA12: =(W12/12)*(X12/12)*(Y12/12) -> 555.20833 | AB12: 9958 | AC12: 20 | AD12: 3 | AE12: 1 | AF12: 0 | AG12: 0 | AH12: 0 | AI12: 0 | AJ12: 0 | AK12: 0 | AL12: 0 | AM12: 0 | AO12: 0 | AP12: 0 | AQ12: 0 | AR12: 0 | AS12: 0 | AT12: 0 | AV12: =1809/Z12 -> 22.264615 | AW12: =120000/AB12 -> 12.050613 | AX12: =AB12/120000 -> 0.082983333 | AZ12: =1850/Z12 -> 22.769231 | BA12: =412000/AB12 -> 41.37377 | BB12: =Z12/1850 -> 0.043918919
A13: B0043 | B13: GENERATOR 15KW MEP1050 | C13: UT | D13: 0 | E13: 4 | F13: 16 | G13: 36 | H13: 0 | I13: 0 | J13: 6 | K13: 0 | L13: 2 | M13: 10 | N13: 0 | O13: 0 | P13: 0 | Q13: 10 | R13: 0 | S13: 11 | T13: =R13+S13 -> 11 | U13: 0 | W13: 65 | X13: 36 | Y13: 52 | Z13: =(W13/12)*(X13/12) -> 16.25 | AA13: =(W13/12)*(X13/12)*(Y13/12) -> 70.416667 | AB13: 1610 | AC13: 8.61 | AD13: 0.77 | AE13: 0 | AF13: 0 | AG13: 0 | AH13: 0 | AI13: 0 | AJ13: 0 | AK13: 0 | AL13: 0 | AM13: 0 | AO13: 0 | AP13: 0 | AQ13: 0 | AR13: 0 | AS13: 0 | AT13: 0 | AV13: =1809/Z13 -> 111.32308 | AW13: =120000/AB13 -> 74.534161 | AX13: =AB13/120000 -> 0.013416667 | AZ13: =1850/Z13 -> 113.84615 | BA13: =412000/AB13 -> 255.90062 | BB13: =Z13/1850 -> 0.0087837838
A14: B0055 | B14: BATH UNIT, PORTABLE | C14: UT | D14: 0 | E14: 0 | F14: 4 | G14: 0 | H14: 0 | I14: 0 | J14: 0 | K14: 0 | L14: 0 | M14: 0 | N14: 0 | O14: 0 | P14: 0 | Q14: 0 | R14: 0 | S14: 0 | T14: =R14+S14 -> 0 | U14: 0 | W14: 216 | X14: 72 | Y14: 72 | Z14: =(W14/12)*(X14/12) -> 108 | AA14: =(W14/12)*(X14/12)*(Y14/12) -> 648 | AB14: 1617 | AC14: 5 | AD14: 1 | AE14: 0 | AF14: 0 | AG14: 0 | AH14: 0 | AI14: 0 | AJ14: 0 | AK14: 0 | AL14: 0 | AM14: 0 | AO14: 0 | AP14: 0 | AQ14: 0 | AR14: 0 | AS14: 0 | AT14: 0 | AV14: =1809/Z14 -> 16.75 | AW14: =120000/AB14 -> 74.211503 | AX14: =Z14/1809 -> 0.059701493 | AZ14: =1850/Z14 -> 17.12963 | BA14: =412000/AB14 -> 254.79283 | BB14: =Z14/1850 -> 0.058378378
A15: B0060 | B15: MEDIUM CRAWER TRACTOR (MCT) JOHN DEER | C15: HE | D15: 0 | E15: 0 | F15: 3 | G15: 5 | H15: 0 | I15: 0 | J15: 0 | K15: 0 | L15: 0 | M15: 0 | N15: 0 | O15: 0 | P15: 0 | Q15: 6 | R15: 5 | S15: 5 | T15: =R15+S15 -> 10 | U15: 0 | W15: 258 | X15: 140 | Y15: 131 | Z15: =(W15/12)*(X15/12) -> 250.83333 | AA15: =(W15/12)*(X15/12)*(Y15/12) -> 2738.2639 | AB15: 49900 | AC15: 56 | AD15: 7 | AE15: 1 | AF15: 0 | AG15: 0 | AH15: 0 | AI15: 0 | AJ15: 0 | AK15: 0 | AL15: 0 | AM15: 0 | AO15: 0 | AP15: 0 | AQ15: 0 | AR15: 0 | AS15: 0 | AT15: 0 | AV15: =1809/Z15 -> 7.2119601 | AW15: =120000/AB15 -> 2.4048096 | AX15: =AB15/120000 -> 0.41583333 | AZ15: =1850/Z15 -> 7.3754153 | BA15: =412000/AB15 -> 8.256513 | BB15: =Z15/1850 -> 0.13558559
A16: B0063 | B16: TRAM 10K FORKLIFT | C16: MHE | D16: 1 | E16: 0 | F16: 6 | G16: 10 | H16: 0 | I16: 0 | J16: 1 | K16: 0 | L16: 1 | M16: 0 | N16: 0 | O16: 0 | P16: 0 | Q16: 8 | R16: 11 | S16: 10 | T16: =R16+S16 -> 21 | U16: 0 | W16: 346 | X16: 104 | Y16: 132 | Z16: =(W16/12)*(X16/12) -> 249.88889 | AA16: =(W16/12)*(X16/12)*(Y16/12) -> 2748.7778 | AB16: 40700 | AC16: 64 | AD16: 8 | AE16: 1 | AF16: 0 | AG16: 0 | AH16: 0 | AI16: 0 | AJ16: 0 | AK16: 0 | AL16: 0 | AM16: 0 | AO16: 0 | AP16: 0 | AQ16: 0 | AR16: 0 | AS16: 0 | AT16: 0 | AV16: =1809/Z16 -> 7.2392174 | AW16: =120000/AB16 -> 2.9484029 | AX16: =AB16/120000 -> 0.33916667 | AZ16: =1850/Z16 -> 7.4032904 | BA16: =412000/AB16 -> 10.12285 | BB16: =Z16/1850 -> 0.13507508
A17: B0066 | B17: CONTAINERIZED BATCH LAUNDRY UNIT (CBU) | C17: UT | D17: 0 | E17: 0 | F17: 2 | G17: 0 | H17: 0 | I17: 0 | J17: 0 | K17: 0 | L17: 0 | M17: 0 | N17: 0 | O17: 0 | P17: 0 | Q17: 0 | R17: 0 | S17: 0 | T17: =R17+S17 -> 0 | U17: 0 | W17: 260 | X17: 96 | Y17: 96 | Z17: =(W17/12)*(X17/12) -> 173.33333 | AA17: =(W17/12)*(X17/12)*(Y17/12) -> 1386.6667 | AB17: 11600 | AC17: 0 | AD17: 0 | AE17: 0 | AF17: 0 | AG17: 0 | AH17: 0 | AI17: 0 | AJ17: 0 | AK17: 0 | AL17: 0 | AM17: 0 | AO17: 0 | AP17: 0 | AQ17: 0 | AR17: 0 | AS17: 0 | AT17: 0 | AV17: =1809/Z17 -> 10.436538 | AW17: =120000/AB17 -> 10.344828 | AX17: =AB17/120000 -> 0.096666667 | AZ17: =1850/Z17 -> 10.673077 | BA17: =412000/AB17 -> 35.517241 | BB17: =Z17/1850 -> 0.093693694
A18: B0071 | B18: LTWT WATER PUR SYS (LWPS) | C18: UT | D18: 0 | E18: 0 | F18: 2 | G18: 0 | H18: 0 | I18: 0 | J18: 0 | K18: 0 | L18: 0 | M18: 0 | N18: 0 | O18: 0 | P18: 0 | Q18: 0 | R18: 0 | S18: 0 | T18: =R18+S18 -> 0 | U18: 0 | W18: 78 | X18: 48 | Y18: 37 | Z18: =(W18/12)*(X18/12) -> 26 | AA18: =(W18/12)*(X18/12)*(Y18/12) -> 80.166667 | AB18: 912 | AC18: 3 | AD18: 0.5 | AE18: 0 | AF18: 0 | AG18: 0 | AH18: 0 | AI18: 0 | AJ18: 0 | AK18: 0 | AL18: 0 | AM18: 0 | AO18: 0 | AP18: 0 | AQ18: 0 | AR18: 0 | AS18: 0 | AT18: 0 | AV18: =1809/Z18 -> 69.576923 | AW18: =120000/AB18 -> 131.57895 | AX18: =Z18/1809 -> 0.014372582 | AZ18: =1850/Z18 -> 71.153846 | BA18: =412000/AB18 -> 451.75439 | BB18: =Z18/1850 -> 0.014054054
A19: B0075 | B19: SMALL FIELD REFRIGERATION SYS (SFRS) | C19: UT | D19: 0 | E19: 0 | F19: 2 | G19: 2 | H19: 0 | I19: 0 | J19: 2 | K19: 0 | L19: 0 | M19: 2 | N19: 2 | O19: 2 | P19: 2 | Q19: 0 | R19: 9 | S19: 9 | T19: =R19+S19 -> 18 | U19: 0 | W19: 77 | X19: 96 | Y19: 96 | Z19: =(W19/12)*(X19/12) -> 51.333333 | AA19: =(W19/12)*(X19/12)*(Y19/12) -> 410.66667 | AB19: 3900 | AC19: 0 | AD19: 0 | AE19: 0 | AF19: 0 | AG19: 0 | AH19: 0 | AI19: 0 | AJ19: 0 | AK19: 0 | AL19: 0 | AM19: 0 | AO19: 0 | AP19: 0 | AQ19: 0 | AR19: 0 | AS19: 0 | AT19: 0 | AV19: =1809/Z19 -> 35.24026 | AW19: =120000/AB19 -> 30.769231 | AX19: =AB19/120000 -> 0.0325 | AZ19: =1850/Z19 -> 36.038961 | BA19: =412000/AB19 -> 105.64103 | BB19: =Z19/1850 -> 0.027747748
A20: B0077 | B20: GENERATOR 5KW MEP 802 | C20: UT | D20: 2 | E20: 2 | F20: 10 | G20: 16 | H20: 0 | I20: 0 | J20: 4 | K20: 0 | L20: 5 | M20: 8 | N20: 0 | O20: 0 | P20: 0 | Q20: 32 | R20: 0 | S20: 8 | T20: =R20+S20 -> 8 | U20: 0 | W20: 50 | X20: 31 | Y20: 36 | Z20: =(W20/12)*(X20/12) -> 10.763889 | AA20: =(W20/12)*(X20/12)*(Y20/12) -> 32.291667 | AB20: 888 | AC20: 5 | AD20: 0.57 | AE20: 0 | AF20: 0 | AG20: 0 | AH20: 0 | AI20: 0 | AJ20: 0 | AK20: 0 | AL20: 0 | AM20: 0 | AO20: 0 | AP20: 0 | AQ20: 0 | AR20: 0 | AS20: 0 | AT20: 0 | AV20: =1809/Z20 -> 168.06194 | AW20: =120000/AB20 -> 135.13514 | AX20: =AB20/120000 -> 0.0074 | AZ20: =1850/Z20 -> 171.87097 | BA20: =412000/AB20 -> 463.96396 | BB20: =Z20/1850 -> 0.0058183183
A21: B0078 | B21: GRADER | C21: HE | D21: 0 | E21: 0 | F21: 2 | G21: 2 | H21: 0 | I21: 0 | J21: 0 | K21: 0 | L21: 0 | M21: 0 | N21: 0 | O21: 0 | P21: 0 | Q21: 0 | R21: 1 | S21: 1 | T21: =R21+S21 -> 2 | U21: 0 | W21: 352 | X21: 105 | Y21: 129 | Z21: =(W21/12)*(X21/12) -> 256.66667 | AA21: =(W21/12)*(X21/12)*(Y21/12) -> 2759.1667 | AB21: 44000 | AC21: 24 | AD21: 4 | AE21: 1 | AF21: 0 | AG21: 0 | AH21: 0 | AI21: 0 | AJ21: 0 | AK21: 0 | AL21: 0 | AM21: 0 | AO21: 0 | AP21: 0 | AQ21: 0 | AR21: 0 | AS21: 0 | AT21: 0 | AV21: =1809/Z21 -> 7.0480519 | AW21: =120000/AB21 -> 2.7272727 | AX21: =AB21/120000 -> 0.36666667 | AZ21: =1850/Z21 -> 7.2077922 | BA21: =412000/AB21 -> 9.3636364 | BB21: =Z21/1850 -> 0.13873874
A22: B0093 | B22: HUSKY VMMD (ARMY-POR) | C22: MRAP | D22: 0 | E22: 0 | F22: 0 | G22: 0 | H22: 0 | I22: 0 | J22: 0 | K22: 0 | L22: 0 | M22: 0 | N22: 0 | O22: 0 | P22: 0 | Q22: 0 | R22: 0 | S22: 2 | T22: =R22+S22 -> 2 | U22: 0 | W22: 288.9 | X22: 99.5 | Y22: 139.3 | Z22: =(W22/12)*(X22/12) -> 199.62187 | AA22: =(W22/12)*(X22/12)*(Y22/12) -> 2317.2773 | AB22: 23000 | AC22: 30 | AD22: 10 | AE22: 1 | AF22: 0 | AG22: 0 | AH22: 0 | AI22: 0 | AJ22: 0 | AK22: 0 | AL22: 0 | AM22: 0 | AO22: 0 | AP22: 0 | AQ22: 0 | AR22: 0 | AS22: 0 | AT22: 0 | AV22: =1809/Z22 -> 9.0621331 | AW22: =120000/AB22 -> 5.2173913 | AX22: =AB22/120000 -> 0.19166667 | AZ22: =1850/Z22 -> 9.2675214 | BA22: =412000/AB22 -> 17.913043 | BB22: =Z22/1850 -> 0.10790372
A23: B0160 | B23: ASSAULT BREACHER VEHICLE (ABV) | C23: ABV | D23: 0 | E23: 0 | F23: 0 | G23: 8 | H23: 0 | I23: 0 | J23: 0 | K23: 0 | L23: 0 | M23: 0 | N23: 0 | O23: 0 | P23: 0 | Q23: 0 | R23: 5 | S23: 5 | T23: =R23+S23 -> 10 | U23: 0 | W23: 316 | X23: 173 | Y23: 172 | Z23: =(W23/12)*(X23/12) -> 379.63889 | AA23: =(W23/12)*(X23/12)*(Y23/12) -> 5441.4907 | AB23: 125420 | AC23: 505 | AD23: 0.6 | AE23: 4 | AF23: 0 | AG23: 0 | AH23: 0 | AI23: 0 | AJ23: 0 | AK23: 0 | AL23: 0 | AM23: 0 | AO23: 0 | AP23: 0 | AQ23: 0 | AR23: 0 | AS23: 0 | AT23: 0 | AV23: =1809/Z23 -> 4.7650545 | AW23: =120000/AB23 -> 0.9567852 | AX23: =AB23/120000 -> 1.0451667 | AZ23: =1850/Z23 -> 4.8730519 | BA23: =412000/AB23 -> 3.2849625 | BB23: =AB23/412000 -> 0.30441748
A24: B0472 | B24: DEMOLITION SET, EXPLOSIVE | C24: ENG | D24: 0 | E24: 0 | F24: 0 | G24: 108 | H24: 13 | I24: 0 | J24: 0 | K24: 0 | L24: 0 | M24: 0 | N24: 0 | O24: 0 | P24: 0 | Q24: 0 | R24: 13 | S24: 13 | T24: =R24+S24 -> 26 | U24: 0 | W24: 0 | X24: 0 | Y24: 0 | Z24: =(W24/12)*(X24/12) -> 0 | AA24: =(W24/12)*(X24/12)*(Y24/12) -> 0 | AB24: 0 | AC24: 0 | AD24: 0 | AE24: 0 | AF24: 0 | AG24: 0 | AH24: 0 | AI24: 0 | AJ24: 0 | AK24: 0 | AL24: 0 | AM24: 0 | AO24: 0 | AP24: 0 | AQ24: 0 | AR24: 0 | AS24: 0 | AT24: 0 | AV24: 0 | AW24: 0 | AX24: 0 | AZ24: 0 | BA24: 0 | BB24: 0
A25: B0589 | B25: ARMORED COMBAT EARTHMOVER M9 (ACE) | C25: HE | D25: 0 | E25: 0 | F25: 8 | G25: 12 | H25: 0 | I25: 0 | J25: 0 | K25: 0 | L25: 0 | M25: 0 | N25: 0 | O25: 0 | P25: 0 | Q25: 0 | R25: 3 | S25: 3 | T25: =R25+S25 -> 6 | U25: 0 | W25: 253 | X25: 126 | Y25: 107 | Z25: =(W25/12)*(X25/12) -> 221.375 | AA25: =(W25/12)*(X25/12)*(Y25/12) -> 1973.9271 | AB25: 54000 | AE25: 1 | AF25: 0 | AG25: 0 | AH25: 0 | AI25: 0 | AJ25: 0 | AK25: 0 | AL25: 0 | AM25: 0 | AO25: 0 | AP25: 0 | AQ25: 0 | AR25: 0 | AS25: 0 | AT25: 0 | AV25: =1809/Z25 -> 8.1716544 | AW25: =120000/AB25 -> 2.2222222 | AX25: =AB25/120000 -> 0.45 | AZ25: =1850/Z25 -> 8.3568605 | BA25: =412000/AB25 -> 7.6296296 | BB25: =AB25/412000 -> 0.13106796
A26: B0640 | B26: FLOODLIGHT SET | C26: UT | D26: 0 | E26: 1 | F26: 3 | G26: 5 | H26: 0 | I26: 0 | J26: 3 | K26: 0 | L26: 1 | M26: 3 | N26: 0 | O26: 0 | P26: 0 | Q26: 5 | R26: 10 | S26: 10 | T26: =R26+S26 -> 20 | U26: 0 | W26: 127 | X26: 46 | Y26: 60 | Z26: =(W26/12)*(X26/12) -> 40.569444 | AA26: =(W26/12)*(X26/12)*(Y26/12) -> 202.84722 | AB26: 1862 | AC26: 6.5 | AD26: 0.5 | AE26: 0 | AF26: 0 | AG26: 0 | AH26: 0 | AI26: 0 | AJ26: 0 | AK26: 0 | AL26: 0 | AM26: 0 | AO26: 0 | AP26: 0 | AQ26: 0 | AR26: 0 | AS26: 0 | AT26: 0 | AV26: =1809/Z26 -> 44.590209 | AW26: =120000/AB26 -> 64.446831 | AX26: =Z26/1809 -> 0.022426448 | AZ26: =1850/Z26 -> 45.600822 | BA26: =412000/AB26 -> 221.26745 | BB26: =Z26/1850 -> 0.021929429
A27: B0730 | B27: GENERATOR 3KW MEP 831 | C27: UT | D27: 6 | E27: 0 | F27: 12 | G27: 0 | H27: 0 | I27: 0 | J27: 12 | K27: 0 | L27: 0 | M27: 12 | N27: 6 | O27: 6 | P27: 6 | Q27: 12 | R27: 18 | S27: 18 | T27: =R27+S27 -> 36 | U27: 0 | W27: 35 | X27: 28 | Y27: 27 | Z27: =(W27/12)*(X27/12) -> 6.8055556 | AA27: =(W27/12)*(X27/12)*(Y27/12) -> 15.3125 | AB27: 334 | AC27: 4 | AD27: 0.5 | AE27: 0 | AF27: 0 | AG27: 0 | AH27: 0 | AI27: 0 | AJ27: 0 | AK27: 0 | AL27: 0 | AM27: 0 | AO27: 0 | AP27: 0 | AQ27: 0 | AR27: 0 | AS27: 0 | AT27: 0 | AV27: =1809/Z27 -> 265.81224 | AW27: =120000/AB27 -> 359.28144 | AX27: =Z27/1809 -> 0.0037620539 | AZ27: =1850/Z27 -> 271.83673 | BA27: =412000/AB27 -> 1233.5329 | BB27: =Z27/1850 -> 0.0036786787
A28: B0891 | B28: GENERATOR 10KW MEP 803 | C28: UT | D28: 4 | E28: 4 | F28: 8 | G28: 16 | H28: 0 | I28: 0 | J28: 4 | K28: 0 | L28: 6 | M28: 6 | N28: 0 | O28: 0 | P28: 0 | Q28: 8 | R28: 8 | S28: 8 | T28: =R28+S28 -> 16 | U28: 0 | W28: 62 | X28: 32 | Y28: 37 | Z28: =(W28/12)*(X28/12) -> 13.777778 | AA28: =(W28/12)*(X28/12)*(Y28/12) -> 42.481481 | AB28: 1242 | AC28: 9 | AD28: 1 | AE28: 0 | AF28: 0 | AG28: 0 | AH28: 0 | AI28: 0 | AJ28: 0 | AK28: 0 | AL28: 0 | AM28: 0 | AO28: 0 | AP28: 0 | AQ28: 0 | AR28: 0 | AS28: 0 | AT28: 0 | AV28: =1809/Z28 -> 131.29839 | AW28: =120000/AB28 -> 96.618357 | AX28: =AB28/120000 -> 0.01035 | AZ28: =1850/Z28 -> 134.27419 | BA28: =412000/AB28 -> 331.72303 | BB28: =Z28/1850 -> 0.0074474474
A29: B0921 | B29: GENERATOR 10KW MEP 813 | C29: UT | D29: 0 | E29: 0 | F29: 0 | G29: 0 | H29: 0 | I29: 0 | J29: 0 | K29: 0 | L29: 0 | M29: 0 | N29: 0 | O29: 0 | P29: 0 | Q29: 6 | R29: 0 | S29: 0 | T29: =R29+S29 -> 0 | U29: 0 | W29: 62 | X29: 32 | Y29: 37 | Z29: =(W29/12)*(X29/12) -> 13.777778 | AA29: =(W29/12)*(X29/12)*(Y29/12) -> 42.481481 | AB29: 1272 | AC29: 9 | AD29: 1 | AE29: 0 | AF29: 0 | AG29: 0 | AH29: 0 | AI29: 0 | AJ29: 0 | AK29: 0 | AL29: 0 | AM29: 0 | AO29: 0 | AP29: 0 | AQ29: 0 | AR29: 0 | AS29: 0 | AT29: 0 | AV29: =1809/Z29 -> 131.29839 | AW29: =120000/AB29 -> 94.339623 | AX29: =AB29/120000 -> 0.0106 | AZ29: =1850/Z29 -> 134.27419 | BA29: =412000/AB29 -> 323.89937 | BB29: =Z29/1850 -> 0.0074474474
A30: B0953 | B30: GENERATOR 30KW MEP 1060 | C30: UT | D30: 2 | E30: 2 | F30: 10 | G30: 24 | H30: 0 | I30: 0 | J30: 2 | K30: 0 | L30: 2 | M30: 11 | N30: 0 | O30: 0 | P30: 0 | Q30: 10 | R30: 3 | S30: 0 | T30: =R30+S30 -> 3 | U30: 0 | W30: 75 | X30: 36 | Y30: 52 | Z30: =(W30/12)*(X30/12) -> 18.75 | AA30: =(W30/12)*(X30/12)*(Y30/12) -> 81.25 | AB30: 2330 | AC30: 16 | AD30: 1.5 | AE30: 0 | AF30: 0 | AG30: 0 | AH30: 0 | AI30: 0 | AJ30: 0 | AK30: 0 | AL30: 0 | AM30: 0 | AO30: 0 | AP30: 0 | AQ30: 0 | AR30: 0 | AS30: 0 | AT30: 0 | AV30: =1809/Z30 -> 96.48 | AW30: =120000/AB30 -> 51.502146 | AX30: =AB30/120000 -> 0.019416667 | AZ30: =1850/Z30 -> 98.666667 | BA30: =412000/AB30 -> 176.82403 | BB30: =Z30/1850 -> 0.010135135
A31: B0980 | B31: GENERATOR 2KW MEP531 MAN-LIFT | C31: UT | D31: 0 | E31: 0 | F31: 2 | G31: 0 | H31: 0 | I31: 0 | J31: 0 | K31: 2 | L31: 0 | M31: 4 | N31: 0 | O31: 0 | P31: 0 | Q31: 0 | R31: 5 | S31: 5 | T31: =R31+S31 -> 10 | U31: 0 | W31: 29.5 | X31: 16 | Y31: 21.7 | Z31: =(W31/12)*(X31/12) -> 3.2777778 | AA31: =(W31/12)*(X31/12)*(Y31/12) -> 5.9273148 | AB31: 152 | AC31: 1.6 | AD31: 0.3 | AE31: 0 | AF31: 0 | AG31: 0 | AH31: 0 | AI31: 0 | AJ31: 0 | AK31: 0 | AL31: 0 | AM31: 0 | AO31: 0 | AP31: 0 | AQ31: 0 | AR31: 0 | AS31: 0 | AT31: 0 | AV31: =1809/Z31 -> 551.89831 | AW31: =120000/AB31 -> 789.47368 | AX31: =Z31/1809 -> 0.001811928 | AZ31: =1850/Z31 -> 564.40678 | BA31: =412000/AB31 -> 2710.5263 | BB31: =Z31/1850 -> 0.0017717718
A32: B1021 | B32: GENERATOR 60KW MEP806 | C32: UT | D32: 1 | E32: 0 | F32: 10 | G32: 15 | H32: 0 | I32: 0 | J32: 0 | K32: 0 | L32: 0 | M32: 4 | N32: 0 | O32: 0 | P32: 0 | Q32: 4 | R32: 1 | S32: 2 | T32: =R32+S32 -> 3 | U32: 0 | W32: 87 | X32: 35.7 | Y32: 59 | Z32: =(W32/12)*(X32/12) -> 21.56875 | AA32: =(W32/12)*(X32/12)*(Y32/12) -> 106.04635 | AB32: 3992 | AC32: 43 | AD32: 5 | AE32: 0 | AF32: 0 | AG32: 0 | AH32: 0 | AI32: 0 | AJ32: 0 | AK32: 0 | AL32: 0 | AM32: 0 | AO32: 0 | AP32: 0 | AQ32: 0 | AR32: 0 | AS32: 0 | AT32: 0 | AV32: =1809/Z32 -> 83.871342 | AW32: =120000/AB32 -> 30.06012 | AX32: =AB32/120000 -> 0.033266667 | AZ32: =1850/Z32 -> 85.77224 | BA32: =412000/AB32 -> 103.20641 | BB32: =Z32/1850 -> 0.011658784
A33: B1045 | B33: GENERATOR 100KW MEP 807 | C33: UT | D33: 0 | E33: 0 | F33: 0 | G33: 0 | H33: 0 | I33: 0 | J33: 0 | K33: 0 | L33: 0 | M33: 2 | N33: 0 | O33: 0 | P33: 0 | Q33: 0 | R33: 1 | S33: 1 | T33: =R33+S33 -> 2 | U33: 0 | W33: 106 | X33: 40 | Y33: 65 | Z33: =(W33/12)*(X33/12) -> 29.444444 | AA33: =(W33/12)*(X33/12)*(Y33/12) -> 159.49074 | AB33: 6100 | AC33: 66 | AD33: 8 | AE33: 0 | AF33: 0 | AG33: 0 | AH33: 0 | AI33: 0 | AJ33: 0 | AK33: 0 | AL33: 0 | AM33: 0 | AO33: 0 | AP33: 0 | AQ33: 0 | AR33: 0 | AS33: 0 | AT33: 0 | AV33: =1809/Z33 -> 61.437736 | AW33: =120000/AB33 -> 19.672131 | AX33: =AB33/120000 -> 0.050833333 | AZ33: =1850/Z33 -> 62.830189 | BA33: =412000/AB33 -> 67.540984 | BB33: =Z33/1850 -> 0.015915916
A34: B1298 | B34: LAUNCHER,MINE CLEAR MK155 (MTVR/AAV TOW) | C34: MOBILITY | D34: 0 | E34: 0 | F34: 15 | G34: 38 | H34: 0 | I34: 0 | J34: 0 | K34: 0 | L34: 0 | M34: 0 | N34: 0 | O34: 0 | P34: 0 | Q34: 0 | R34: 15 | S34: 15 | T34: =R34+S34 -> 30 | U34: 0 | W34: 187 | X34: 95 | Y34: 74 | Z34: 761 | AA34: =(W34/12)*(X34/12)*(Y34/12) -> 760.76968 | AB34: 6800 | AC34: 0 | AD34: 0 | AE34: 0 | AF34: 0 | AG34: 0 | AH34: 0 | AI34: 0 | AJ34: 0 | AK34: 0 | AL34: 0 | AM34: 0 | AO34: 0 | AP34: 0 | AQ34: 0 | AR34: 0 | AS34: 0 | AT34: 0 | AV34: =1809/Z34 -> 2.3771353 | AW34: =120000/AB34 -> 17.647059 | AX34: =Z34/1809 -> 0.42067441 | AZ34: =1850/Z34 -> 2.4310118 | BA34: =412000/AB34 -> 60.588235 | BB34: =Z34/1850 -> 0.41135135
A35: B1315 | B35: LAUNCHER,MINE CLEAR MK154 (AAV MOUNT) | C35: MOBILITY | D35: 12 | E35: 0 | F35: 3 | G35: 0 | H35: 0 | I35: 0 | J35: 0 | K35: 0 | L35: 0 | M35: 0 | N35: 0 | O35: 0 | P35: 0 | Q35: 0 | R35: 6 | S35: 6 | T35: =R35+S35 -> 12 | U35: 0 | W35: 175.8 | X35: 95.9 | Y35: 60.5 | Z35: =(W35/12)*(X35/12) -> 117.07792 | AA35: =(W35/12)*(X35/12)*(Y35/12) -> 590.26783 | AB35: 8790 | AC35: 0 | AD35: 0 | AE35: 0 | AF35: 0 | AG35: 0 | AH35: 0 | AI35: 0 | AJ35: 0 | AK35: 0 | AL35: 0 | AM35: 0 | AO35: 0 | AP35: 0 | AQ35: 0 | AR35: 0 | AS35: 0 | AT35: 0 | AV35: =1809/Z35 -> 15.451249 | AW35: =120000/AB35 -> 13.651877 | AX35: =AB35/120000 -> 0.07325 | AZ35: =1850/Z35 -> 15.801443 | BA35: =412000/AB35 -> 46.871445 | BB35: =Z35/1850 -> 0.06328536
A36: B2085 | B36: FUEL SIXCON | C36: FUEL | D36: 18 | E36: 3 | F36: 14 | G36: 12 | H36: 8 | I36: 0 | J36: 20 | K36: 0 | L36: 29 | M36: 8 | N36: 2 | O36: 2 | P36: 2 | Q36: 10 | R36: 32 | S36: 32 | T36: =R36+S36 -> 64 | U36: 0 | W36: 96 | X36: 77.5 | Y36: 47.4 | Z36: =(W36/12)*(X36/12) -> 51.666667 | AA36: =(W36/12)*(X36/12)*(Y36/12) -> 204.08333 | AB36: 8895 | AC36: 850 | AD36: 0 | AE36: 0 | AF36: 0 | AG36: 0 | AH36: 0 | AI36: 0 | AJ36: 0 | AK36: 0 | AL36: 0 | AM36: 0 | AO36: 0 | AP36: 0 | AQ36: 0 | AR36: 0 | AS36: 0 | AT36: 0 | AV36: =1809/Z36 -> 35.012903 | AW36: =120000/AB36 -> 13.490725 | AX36: =AB36/120000 -> 0.074125 | AZ36: =1850/Z36 -> 35.806452 | BA36: =412000/AB36 -> 46.318156 | BB36: =Z36/1850 -> 0.027927928
A37: B2086 | B37: WATER SIXCON | C37: WATER | D37: 2 | E37: 0 | F37: 6 | G37: 4 | H37: 2 | I37: 0 | J37: 4 | K37: 0 | L37: 14 | M37: 0 | N37: 0 | O37: 0 | P37: 0 | Q37: 0 | R37: 24 | S37: 24 | T37: =R37+S37 -> 48 | U37: 0 | W37: 96 | X37: 77.5 | Y37: 47.4 | Z37: =(W37/12)*(X37/12) -> 51.666667 | AA37: =(W37/12)*(X37/12)*(Y37/12) -> 204.08333 | AB37: 10000 | AC37: 0 | AD37: 0 | AE37: 0 | AF37: 0 | AG37: 0 | AH37: 900 | AI37: 7506 | AJ37: 0 | AK37: 0 | AL37: 0 | AM37: 0 | AO37: 0 | AP37: 0 | AQ37: 0 | AR37: 0 | AS37: 0 | AT37: 0 | AV37: =1809/Z37 -> 35.012903 | AW37: =120000/AB37 -> 12 | AX37: =AB37/120000 -> 0.083333333 | AZ37: =1850/Z37 -> 35.806452 | BA37: =412000/AB37 -> 41.2 | BB37: =Z37/1850 -> 0.027927928
A38: B2130 | B38: 3K GAL WATER BLADDER | C38: WATER | D38: 0 | E38: 0 | F38: 4 | G38: 0 | H38: 0 | I38: 0 | J38: 0 | K38: 0 | L38: 0 | M38: 0 | N38: 0 | O38: 0 | P38: 0 | Q38: 0 | R38: 0 | S38: 0 | T38: =R38+S38 -> 0 | U38: 0 | W38: 156 | X38: 156 | Y38: 65 | Z38: =(W38/12)*(X38/12) -> 169 | AA38: =(W38/12)*(X38/12)*(Y38/12) -> 915.41667 | AB38: 0 | AC38: 0 | AD38: 0 | AE38: 0 | AF38: 0 | AG38: 0 | AH38: 3000 | AI38: 25020 | AJ38: 0 | AK38: 0 | AL38: 0 | AM38: 0 | AO38: 0 | AP38: 0 | AQ38: 0 | AR38: 0 | AS38: 0 | AT38: 0 | AV38: 0 | AW38: 0 | AX38: 0 | AZ38: 0 | BA38: 0 | BB38: 0
A39: B2460 | B39: TRACTOR, FULL TRACKED | C39: HE | D39: 0 | E39: 0 | F39: 0 | G39: 0 | H39: 0 | I39: 0 | J39: 0 | K39: 0 | L39: 0 | M39: 0 | N39: 0 | O39: 0 | P39: 0 | Q39: 3 | R39: 5 | S39: 5 | T39: =R39+S39 -> 10 | U39: 0 | W39: 191 | X39: 110 | Y39: 116 | Z39: =(W39/12)*(X39/12) -> 145.90278 | AA39: =(W39/12)*(X39/12)*(Y39/12) -> 1410.3935 | AB39: 25100 | AC39: 56 | AD39: 7 | AE39: 1 | AF39: 0 | AG39: 0 | AH39: 0 | AI39: 0 | AJ39: 0 | AK39: 0 | AL39: 0 | AM39: 0 | AO39: 0 | AP39: 0 | AQ39: 0 | AR39: 0 | AS39: 0 | AT39: 0 | AV39: =1809/Z39 -> 12.398667 | AW39: =120000/AB39 -> 4.7808765 | AX39: =AB39/120000 -> 0.20916667 | AZ39: =1850/Z39 -> 12.679676 | BA39: =412000/AB39 -> 16.414343 | BB39: =Z39/1850 -> 0.078866366
A40: B2483 | B40: LOADER,BACKHOE (BHL) | C40: HE | D40: 0 | E40: 0 | F40: 5 | G40: 12 | H40: 0 | I40: 0 | J40: 0 | K40: 0 | L40: 0 | M40: 0 | N40: 0 | O40: 0 | P40: 0 | Q40: 0 | R40: 3 | S40: 3 | T40: =R40+S40 -> 6 | U40: 0 | W40: 276 | X40: 93 | Y40: 142 | Z40: =(W40/12)*(X40/12) -> 178.25 | AA40: =(W40/12)*(X40/12)*(Y40/12) -> 2109.2917 | AB40: 21605 | AC40: 36 | AD40: 6 | AE40: 1 | AF40: 0 | AG40: 0 | AH40: 0 | AI40: 0 | AJ40: 0 | AK40: 0 | AL40: 0 | AM40: 0 | AO40: 0 | AP40: 0 | AQ40: 0 | AR40: 0 | AS40: 0 | AT40: 0 | AV40: =1809/Z40 -> 10.148668 | AW40: =120000/AB40 -> 5.5542698 | AX40: =AB40/120000 -> 0.18004167 | AZ40: =1850/Z40 -> 10.378682 | BA40: =412000/AB40 -> 19.06966 | BB40: =Z40/1850 -> 0.096351351
A41: B2561 | B41: MMV 10K EBFL | C41: MHE | D41: 1 | E41: 0 | F41: 5 | G41: 4 | H41: 0 | I41: 0 | J41: 1 | K41: 0 | L41: 1 | M41: 0 | N41: 0 | O41: 0 | P41: 0 | Q41: 0 | R41: 4 | S41: 4 | T41: =R41+S41 -> 8 | U41: 0 | W41: 298 | X41: 100.2 | Y41: 93.6 | Z41: =(W41/12)*(X41/12) -> 207.35833 | AA41: =(W41/12)*(X41/12)*(Y41/12) -> 1617.395 | AB41: 29300 | AC41: 35.5 | AD41: 4.4 | AE41: 1 | AF41: 0 | AG41: 0 | AH41: 0 | AI41: 0 | AJ41: 0 | AK41: 0 | AL41: 0 | AM41: 0 | AO41: 0 | AP41: 0 | AQ41: 0 | AR41: 0 | AS41: 0 | AT41: 0 | AV41: =1809/Z41 -> 8.7240285 | AW41: =120000/AB41 -> 4.0955631 | AX41: =AB41/120000 -> 0.24416667 | AZ41: =1850/Z41 -> 8.9217538 | BA41: =412000/AB41 -> 14.061433 | BB41: =Z41/1850 -> 0.11208559
A42: B2565 | B42: ENIGINEER EQUIPMENT TRAILER (EET) | C42: TRLR | D42: 4 | E42: 0 | F42: 8 | G42: 22 | H42: 1 | I42: 0 | J42: 0 | K42: 0 | L42: 1 | M42: 0 | N42: 0 | O42: 0 | P42: 0 | Q42: 10 | R42: 0 | S42: 0 | T42: =R42+S42 -> 0 | U42: 0 | W42: 371.5 | X42: 97 | Y42: 49 | Z42: =(W42/12)*(X42/12) -> 250.24653 | AA42: =(W42/12)*(X42/12)*(Y42/12) -> 1021.84 | AB42: 11700 | AC42: 0 | AD42: 0 | AE42: 0 | AF42: 0 | AG42: 0 | AH42: 0 | AI42: 20000 | AJ42: 16 | AK42: 0 | AM42: 0 | AO42: 0 | AP42: 0 | AQ42: 0 | AR42: 0 | AS42: 0 | AT42: 0 | AV42: =1809/Z42 -> 7.2288715 | AW42: =120000/AB42 -> 10.25641 | AX42: =Z42/1809 -> 0.13833418 | AZ42: =1850/Z42 -> 7.39271 | BA42: =412000/AB42 -> 35.213675 | BB42: =Z42/1850 -> 0.13526839
A43: B2566 | B43: LRTF 5K FORKLIFT | C43: MHE | D43: 0 | E43: 8 | F43: 2 | G43: 2 | H43: 2 | I43: 0 | J43: 0 | K43: 0 | L43: 1 | M43: 0 | N43: 0 | O43: 0 | P43: 0 | Q43: 18 | R43: 8 | S43: 8 | T43: =R43+S43 -> 16 | U43: 0 | W43: 228 | X43: 80.8 | Y43: 89 | Z43: =(W43/12)*(X43/12) -> 127.93333 | AA43: =(W43/12)*(X43/12)*(Y43/12) -> 948.83889 | AB43: 13450 | AC43: 13 | AD43: 1.5 | AE43: 1 | AF43: 0 | AG43: 0 | AH43: 0 | AI43: 0 | AJ43: 0 | AK43: 0 | AL43: 0 | AM43: 0 | AO43: 0 | AP43: 0 | AQ43: 0 | AR43: 0 | AS43: 0 | AT43: 0 | AV43: =1809/Z43 -> 14.140177 | AW43: =120000/AB43 -> 8.9219331 | AX43: =AB43/120000 -> 0.11208333 | AZ43: =1850/Z43 -> 14.460657 | BA43: =412000/AB43 -> 30.63197 | BB43: =Z43/1850 -> 0.069153153
A44: B2605 | B44: WATER PURIFICATION, (TWPS) | C44: WATER | D44: 0 | E44: 0 | F44: 2 | G44: 0 | H44: 0 | I44: 0 | J44: 0 | K44: 0 | L44: 0 | M44: 0 | N44: 0 | O44: 0 | P44: 0 | Q44: 0 | R44: 0 | S44: 0 | T44: =R44+S44 -> 0 | U44: 0 | W44: 240 | X44: 96 | Y44: 96 | Z44: =(W44/12)*(X44/12) -> 160 | AA44: =(W44/12)*(X44/12)*(Y44/12) -> 1280 | AB44: 9552 | AC44: 3 | AD44: 0.5 | AE44: 0 | AF44: 0 | AG44: 0 | AH44: 0 | AI44: 0 | AJ44: 0 | AK44: 0 | AL44: 0 | AM44: 0 | AO44: 0 | AP44: 0 | AQ44: 0 | AR44: 0 | AS44: 0 | AT44: 0 | AV44: =1809/Z44 -> 11.30625 | AW44: =120000/AB44 -> 12.562814 | AX44: =Z44/1809 -> 0.088446656 | AZ44: =1850/Z44 -> 11.5625 | BA44: =412000/AB44 -> 43.132328 | BB44: =Z44/1850 -> 0.086486486
A45: B2632 | B45: 20K WATER BLADDER | C45: WATER | D45: 0 | E45: 0 | F45: 2 | G45: 0 | H45: 0 | I45: 0 | J45: 0 | K45: 0 | L45: 0 | M45: 0 | N45: 0 | O45: 0 | P45: 0 | Q45: 0 | R45: 0 | S45: 0 | T45: =R45+S45 -> 0 | U45: 0 | W45: 384 | X45: 336 | Y45: 68 | Z45: =(W45/12)*(X45/12) -> 896 | AA45: =(W45/12)*(X45/12)*(Y45/12) -> 5077.3333 | AB45: 0 | AC45: 0 | AD45: 0 | AE45: 0 | AF45: 0 | AG45: 0 | AH45: 20000 | AI45: 166800 | AJ45: 0 | AK45: 0 | AL45: 0 | AM45: 0 | AO45: 0 | AP45: 0 | AQ45: 0 | AR45: 0 | AS45: 0 | AT45: 0 | AV45: 0 | AW45: 0 | AX45: 0 | AZ45: 0 | BA45: 0 | BB45: 0
A46: C4431 | B46: PALCON | C46: CONTAINER | D46: 353 | E46: 235 | F46: 30 | G46: 173 | H46: 376 | I46: 511 | J46: 336 | K46: 80 | L46: 280 | M46: 317 | N46: 142 | O46: 142 | P46: 142 | Q46: 48 | R46: 0 | S46: 0 | T46: =R46+S46 -> 0 | U46: 71 | W46: 48 | X46: 40 | Y46: 41 | Z46: =(W46/12)*(X46/12) -> 13.333333 | AA46: =(W46/12)*(X46/12)*(Y46/12) -> 45.555556 | AB46: 120 | AC46: 0 | AD46: 0 | AE46: 0 | AF46: 0 | AG46: 0 | AH46: 0 | AI46: 0 | AJ46: 1 | AK46: 0 | AL46: 0 | AM46: 0 | AO46: 0 | AP46: 0 | AQ46: 0 | AR46: 0 | AS46: 0 | AT46: 0 | AV46: =1809/Z46 -> 135.675 | AW46: =120000/AB46 -> 1000 | AX46: =Z46/1809 -> 0.0073705546 | AZ46: =1850/Z46 -> 138.75 | BA46: =412000/AB46 -> 3433.3333 | BB46: =Z46/1850 -> 0.0072072072
A47: C4433 | B47: QUADCON | C47: CONTAINER | D47: 169 | E47: 410 | F47: 20 | G47: 79 | H47: 109 | I47: 128 | J47: 27 | K47: 68 | L47: 143 | M47: 59 | N47: 61 | O47: 61 | P47: 61 | Q47: 21 | R47: 0 | S47: 0 | T47: =R47+S47 -> 0 | U47: 37 | W47: 57 | X47: 96 | Y47: 80 | Z47: =(W47/12)*(X47/12) -> 38 | AA47: =(W47/12)*(X47/12)*(Y47/12) -> 253.33333 | AB47: 1764 | AC47: 0 | AD47: 0 | AE47: 0 | AF47: 0 | AG47: 0 | AH47: 0 | AI47: 0 | AJ47: 4 | AK47: 0 | AL47: 0 | AM47: 0 | AO47: 0 | AP47: 0 | AQ47: 0 | AR47: 0 | AS47: 0 | AT47: 0 | AV47: =1809/Z47 -> 47.605263 | AW47: =120000/AB47 -> 68.027211 | AX47: =Z47/1809 -> 0.021006081 | AZ47: =1850/Z47 -> 48.684211 | BA47: =412000/AB47 -> 233.56009 | BB47: =Z47/1850 -> 0.020540541
A48: C6621 | B48: RATION HEATING SET (TRHS) | C48: TRHS | D48: 3 | E48: 3 | F48: 3 | G48: 3 | H48: 3 | I48: 3 | J48: 3 | K48: 0 | L48: 3 | M48: 3 | N48: 1 | O48: 1 | P48: 1 | Q48: 1 | R48: 21 | S48: 21 | T48: =R48+S48 -> 42 | U48: 0 | W48: 0 | X48: 0 | Y48: 0 | Z48: =(W48/12)*(X48/12) -> 0 | AA48: =(W48/12)*(X48/12)*(Y48/12) -> 0 | AB48: 0 | AC48: 0 | AD48: 0 | AE48: 0 | AF48: 0 | AG48: 0 | AH48: 0 | AI48: 0 | AJ48: 0 | AK48: 0 | AL48: 0 | AM48: 0 | AO48: 0 | AP48: 0 | AQ48: 0 | AR48: 0 | AS48: 0 | AT48: 0 | AV48: 0 | AW48: 0 | AX48: 0 | AZ48: 0 | BA48: 0 | BB48: 0
A49: C8008 | B49: COMBAT LIFESAVER KIT | C49: MEDICAL | D49: 46 | E49: 26 | F49: 50 | G49: 50 | H49: 30 | I49: 130 | J49: 150 | K49: 41 | L49: 60 | M49: 42 | N49: 10 | O49: 10 | P49: 10 | Q49: 14 | R49: 0 | S49: 0 | T49: =R49+S49 -> 0 | U49: 0 | W49: 0 | X49: 0 | Y49: 0 | Z49: =(W49/12)*(X49/12) -> 0 | AA49: =(W49/12)*(X49/12)*(Y49/12) -> 0 | AB49: 0 | AC49: 0 | AD49: 0 | AE49: 0 | AF49: 0 | AG49: 0 | AH49: 0 | AI49: 0 | AJ49: 0 | AK49: 0 | AL49: 0 | AM49: 0 | AO49: 0 | AP49: 0 | AQ49: 0 | AR49: 0 | AS49: 0 | AT49: 0 | AV49: 0 | AW49: 0 | AX49: 0 | AZ49: 0 | BA49: 0 | BB49: 0
A50: C8638 | B50: AID STATION EQUIPMENT | C50: MEDICAL | D50: 2 | E50: 1 | F50: 2 | G50: 1 | H50: 1 | I50: 2 | J50: 2 | K50: 1 | L50: 1 | M50: 1 | N50: 1 | O50: 1 | P50: 1 | Q50: 1 | R50: 10 | S50: 10 | T50: =R50+S50 -> 20 | U50: 1 | W50: 0 | X50: 0 | Y50: 0 | Z50: =(W50/12)*(X50/12) -> 0 | AA50: =(W50/12)*(X50/12)*(Y50/12) -> 0 | AB50: 0 | AC50: 0 | AD50: 0 | AE50: 0 | AF50: 0 | AG50: 0 | AH50: 0 | AI50: 0 | AJ50: 0 | AK50: 0 | AL50: 0 | AM50: 0 | AO50: 0 | AP50: 0 | AQ50: 0 | AR50: 0 | AS50: 0 | AT50: 0 | AV50: 0 | AW50: 0 | AX50: 0 | AZ50: 0 | BA50: 0 | BB50: 0
A51: C8640 | B51: AID STATION CONSUMABLES | C51: MEDICAL | D51: 4 | E51: 2 | F51: 4 | G51: 2 | H51: 2 | I51: 4 | J51: 4 | K51: 2 | L51: 2 | M51: 2 | N51: 2 | O51: 2 | P51: 2 | Q51: 2 | R51: 9 | S51: 9 | T51: =R51+S51 -> 18 | U51: 2 | W51: 0 | X51: 0 | Y51: 0 | Z51: =(W51/12)*(X51/12) -> 0 | AA51: =(W51/12)*(X51/12)*(Y51/12) -> 0 | AB51: 0 | AC51: 0 | AD51: 0 | AE51: 0 | AF51: 0 | AG51: 0 | AH51: 0 | AI51: 0 | AJ51: 0 | AK51: 0 | AL51: 0 | AM51: 0 | AO51: 0 | AP51: 0 | AQ51: 0 | AR51: 0 | AS51: 0 | AT51: 0 | AV51: 0 | AW51: 0 | AX51: 0 | AZ51: 0 | BA51: 0 | BB51: 0
A52: C8644 | B52: AMAL 637 PREV MED MANEUVER | C52: MEDICAL | D52: 1 | E52: 1 | F52: 1 | G52: 1 | H52: 0 | I52: 1 | J52: 1 | K52: 1 | L52: 1 | M52: 0 | N52: 1 | O52: 1 | P52: 1 | Q52: 1 | R52: 2 | S52: 2 | T52: =R52+S52 -> 4 | U52: 0 | W52: 0 | X52: 0 | Y52: 0 | Z52: =(W52/12)*(X52/12) -> 0 | AA52: =(W52/12)*(X52/12)*(Y52/12) -> 0 | AB52: 0 | AC52: 0 | AD52: 0 | AE52: 0 | AF52: 0 | AG52: 0 | AH52: 0 | AI52: 0 | AJ52: 0 | AK52: 0 | AL52: 0 | AM52: 0 | AO52: 0 | AP52: 0 | AQ52: 0 | AR52: 0 | AS52: 0 | AT52: 0 | AV52: 0 | AW52: 0 | AX52: 0 | AZ52: 0 | BA52: 0 | BB52: 0
A53: C8648 | B53: AMAL 638 PREV MED TECHNICIAN | C53: MEDICAL | D53: 0 | E53: 0 | F53: 0 | G53: 0 | H53: 0 | I53: 0 | J53: 0 | K53: 0 | L53: 0 | M53: 0 | N53: 2 | O53: 2 | P53: 2 | Q53: 1 | R53: 1 | S53: 1 | T53: =R53+S53 -> 2 | U53: 0 | W53: 0 | X53: 0 | Y53: 0 | Z53: =(W53/12)*(X53/12) -> 0 | AA53: =(W53/12)*(X53/12)*(Y53/12) -> 0 | AB53: 0 | AC53: 0 | AD53: 0 | AE53: 0 | AF53: 0 | AG53: 0 | AH53: 0 | AI53: 0 | AJ53: 0 | AK53: 0 | AL53: 0 | AM53: 0 | AO53: 0 | AP53: 0 | AQ53: 0 | AR53: 0 | AS53: 0 | AT53: 0 | AV53: 0 | AW53: 0 | AX53: 0 | AZ53: 0 | BA53: 0 | BB53: 0
A54: C8740 | B54: AMAL SICK CALL BLOCK | C54: MEDICAL | D54: 4 | E54: 2 | F54: 4 | G54: 2 | H54: 2 | I54: 4 | J54: 4 | K54: 0 | L54: 3 | M54: 1 | N54: 1 | O54: 1 | P54: 1 | Q54: 1 | R54: 0 | S54: 0 | T54: =R54+S54 -> 0 | U54: 1 | W54: 0 | X54: 0 | Y54: 0 | Z54: =(W54/12)*(X54/12) -> 0 | AA54: =(W54/12)*(X54/12)*(Y54/12) -> 0 | AB54: 0 | AC54: 0 | AD54: 0 | AE54: 0 | AF54: 0 | AG54: 0 | AH54: 0 | AI54: 0 | AJ54: 0 | AK54: 0 | AL54: 0 | AM54: 0 | AO54: 0 | AP54: 0 | AQ54: 0 | AR54: 0 | AS54: 0 | AT54: 0 | AV54: 0 | AW54: 0 | AX54: 0 | AZ54: 0 | BA54: 0 | BB54: 0
A55: D0002 | B55: SEMITRAILER, LOW BED, (M870A2E1) | C55: TRLR | D55: 0 | E55: 0 | F55: 2 | G55: 2 | H55: 0 | I55: 0 | J55: 0 | K55: 0 | L55: 0 | M55: 0 | N55: 0 | O55: 0 | P55: 0 | Q55: 0 | R55: 0 | S55: 0 | T55: =R55+S55 -> 0 | U55: 0 | W55: 507 | X55: 120 | Y55: 48 | Z55: =(W55/12)*(X55/12) -> 422.5 | AA55: =(W55/12)*(X55/12)*(Y55/12) -> 1690 | AB55: 123360 | AC55: 0 | AD55: 0 | AE55: 0 | AF55: 0 | AG55: 0 | AH55: 0 | AI55: 100000 | AJ55: 16 | AK55: 0 | AL55: 0 | AM55: 0 | AO55: 0 | AP55: 0 | AQ55: 0 | AR55: 0 | AS55: 0 | AT55: 0 | AV55: =1809/Z55 -> 4.2816568 | AW55: =120000/AB55 -> 0.97276265 | AX55: =AB55/120000 -> 1.028 | AZ55: =1850/Z55 -> 4.3786982 | BA55: =412000/AB55 -> 3.3398184 | BB55: =AB55/412000 -> 0.29941748
A56: D0003 | B56: TRUCK,ARMORED, AMK-23 (MTVR SB) | C56: MTVR | D56: 16 | E56: 33 | F56: 11 | G56: 6 | H56: 38 | I56: 0 | J56: 24 | K56: 4 | L56: 15 | M56: 73 | N56: 7 | O56: 7 | P56: 7 | Q56: 20 | R56: 151 | S56: 151 | T56: =R56+S56 -> 302 | U56: 9 | W56: 314.9 | X56: 98 | Y56: 141.2 | Z56: =(W56/12)*(X56/12) -> 214.30694 | AA56: =(W56/12)*(X56/12)*(Y56/12) -> 2521.6784 | AB56: 62200 | AC56: 80 | AD56: 4.5 | AE56: 3 | AF56: 16 | AG56: 0 | AH56: 0 | AI56: 14000 | AJ56: 12 | AK56: 2 | AL56: 2 | AM56: 0 | AO56: 0 | AP56: 0 | AQ56: 0 | AR56: 0 | AS56: 0 | AT56: 0 | AV56: =1809/Z56 -> 8.4411637 | AW56: =120000/AB56 -> 1.9292605 | AX56: =AB56/120000 -> 0.51833333 | AZ56: =1850/Z56 -> 8.6324781 | BA56: =412000/AB56 -> 6.6237942 | BB56: =AB56/412000 -> 0.15097087
A57: D0005 | B57: TRUCK,ARMORED, AMK-27 (MTVR LB) | C57: MTVR | D57: 0 | E57: 0 | F57: 2 | G57: 0 | H57: 0 | I57: 0 | J57: 0 | K57: 0 | L57: 4 | M57: 4 | N57: 0 | O57: 0 | P57: 0 | Q57: 0 | R57: 6 | S57: 6 | T57: =R57+S57 -> 12 | U57: 0 | W57: 386.5 | X57: 98 | Y57: 141.2 | Z57: =(W57/12)*(X57/12) -> 263.03472 | AA57: =(W57/12)*(X57/12)*(Y57/12) -> 3095.0419 | AB57: 62200 | AC57: 80 | AD57: 4.5 | AE57: 3 | AF57: 20 | AG57: 0 | AH57: 0 | AI57: 14000 | AJ57: 16 | AK57: 3 | AL57: 4 | AM57: 1 | AO57: 0 | AP57: 0 | AQ57: 0 | AR57: 0 | AS57: 0 | AT57: 0 | AV57: =1809/Z57 -> 6.877419 | AW57: =120000/AB57 -> 1.9292605 | AX57: =AB57/120000 -> 0.51833333 | AZ57: =1850/Z57 -> 7.033292 | BA57: =412000/AB57 -> 6.6237942 | BB57: =AB57/412000 -> 0.15097087
A58: D0007 | B58: TRUCK, ARMOR, (MTVR DUMP) | C58: MTVR | D58: 0 | E58: 0 | F58: 4 | G58: 4 | H58: 0 | I58: 0 | J58: 0 | K58: 0 | L58: 0 | M58: 0 | N58: 0 | O58: 0 | P58: 0 | Q58: 0 | R58: 0 | S58: 0 | T58: =R58+S58 -> 0 | U58: 0 | W58: 315.4 | X58: 96 | Y58: 135.5 | Z58: =(W58/12)*(X58/12) -> 210.26667 | AA58: =(W58/12)*(X58/12)*(Y58/12) -> 2374.2611 | AB58: 62600 | AC58: 80 | AD58: 4.5 | AE58: 3 | AF58: 0 | AG58: 0 | AH58: 0 | AI58: 10800 | AJ58: 4 | AK58: 0 | AL58: 2 | AM58: 0 | AO58: 0 | AP58: 0 | AQ58: 0 | AR58: 0 | AS58: 0 | AT58: 0 | AV58: =1809/Z58 -> 8.6033608 | AW58: =120000/AB58 -> 1.9169329 | AX58: =AB58/120000 -> 0.52166667 | AZ58: =1850/Z58 -> 8.7983513 | BA58: =412000/AB58 -> 6.5814696 | BB58: =AB58/412000 -> 0.15194175
A59: D0011 | B59: ARMOR,TROOP CARRIER, (AMADILLO) | C59: LOG | D59: 0 | E59: 18 | F59: 0 | G59: 4 | H59: 0 | I59: 0 | J59: 2 | K59: 0 | L59: 4 | M59: 12 | N59: 5 | O59: 5 | P59: 5 | Q59: 0 | R59: 10 | S59: 10 | T59: =R59+S59 -> 20 | U59: 0 | W59: 0 | X59: 0 | Y59: 0 | Z59: =(W59/12)*(X59/12) -> 0 | AA59: =(W59/12)*(X59/12)*(Y59/12) -> 0 | AB59: 0 | AC59: 0 | AD59: 0 | AE59: 0 | AF59: 0 | AG59: 0 | AH59: 0 | AI59: 0 | AJ59: 0 | AK59: 0 | AL59: 0 | AM59: 0 | AO59: 0 | AP59: 0 | AQ59: 0 | AR59: 0 | AS59: 0 | AT59: 0 | AV59: 0 | AW59: 0 | AX59: 0 | AZ59: 0 | BA59: 0 | BB59: 0
A60: D0015 | B60: TRUCK, WRECKER, ARMOR MK-36 (MTVR WRECKER) | C60: MTVR | D60: 1 | E60: 2 | F60: 2 | G60: 2 | H60: 2 | I60: 0 | J60: 1 | K60: 0 | L60: 2 | M60: 5 | N60: 0 | O60: 0 | P60: 0 | Q60: 2 | R60: 11 | S60: 9 | T60: =R60+S60 -> 20 | U60: 0 | W60: 387 | X60: 98 | Y60: 141 | Z60: =(W60/12)*(X60/12) -> 263.375 | AA60: =(W60/12)*(X60/12)*(Y60/12) -> 3094.6562 | AB60: 54000 | AC60: 80 | AD60: 4.5 | AE60: 3 | AF60: 0 | AG60: 0 | AH60: 0 | AI60: 0 | AJ60: 0 | AK60: 0 | AL60: 0 | AM60: 0 | AO60: 0 | AP60: 0 | AQ60: 0 | AR60: 0 | AS60: 0 | AT60: 0 | AV60: =1809/Z60 -> 6.8685335 | AW60: =120000/AB60 -> 2.2222222 | AX60: =AB60/120000 -> 0.45 | AZ60: =1850/Z60 -> 7.024205 | BA60: =412000/AB60 -> 7.6296296 | BB60: =Z60/1850 -> 0.14236486
A61: D0016 | B61: TRAILER,CARGO, M1102 (HMMWV TRLR) | C61: TRLR | D61: 15 | E61: 52 | F61: 15 | G61: 28 | H61: 34 | I61: 6 | J61: 0 | K61: 6 | L61: 16 | M61: 16 | N61: 8 | O61: 8 | P61: 8 | Q61: 13 | R61: 44 | S61: 44 | T61: =R61+S61 -> 88 | U61: 52 | W61: 135 | X61: 87.5 | Y61: 52.5 | Z61: =(W61/12)*(X61/12) -> 82.03125 | AA61: =(W61/12)*(X61/12)*(Y61/12) -> 358.88672 | AB61: 4200 | AC61: 0 | AD61: 0 | AE61: 0 | AF61: 0 | AG61: 0 | AH61: 0 | AI61: 2740 | AJ61: 1 | AK61: 0 | AL61: 0 | AM61: 0 | AO61: 0 | AP61: 0 | AQ61: 0 | AR61: 0 | AS61: 0 | AT61: 0 | AV61: =1809/Z61 -> 22.052571 | AW61: =120000/AB61 -> 28.571429 | AX61: =Z61/1809 -> 0.045346186 | AZ61: =1850/Z61 -> 22.552381 | BA61: =412000/AB61 -> 98.095238 | BB61: =Z61/1850 -> 0.044341216
A62: D0017 | B62: LIGHT TACT TRLR, M1102 LTT (HMMWV TRLR) | C62: TRLR | D62: 9 | E62: 1 | F62: 29 | G62: 50 | H62: 0 | I62: 1 | J62: 7 | K62: 0 | L62: 12 | M62: 28 | N62: 4 | O62: 4 | P62: 4 | Q62: 23 | R62: 35 | S62: 35 | T62: =R62+S62 -> 70 | U62: 0 | W62: 135 | X62: 87.5 | Y62: 40.5 | Z62: =(W62/12)*(X62/12) -> 82.03125 | AA62: =(W62/12)*(X62/12)*(Y62/12) -> 276.85547 | AB62: 4200 | AC62: 0 | AD62: 0 | AE62: 0 | AF62: 0 | AG62: 0 | AH62: 0 | AI62: 0 | AJ62: 0 | AK62: 0 | AL62: 0 | AM62: 0 | AO62: 0 | AP62: 0 | AQ62: 0 | AR62: 0 | AS62: 0 | AT62: 0 | AV62: =1809/Z62 -> 22.052571 | AW62: =120000/AB62 -> 28.571429 | AX62: =Z62/1809 -> 0.045346186 | AZ62: =1850/Z62 -> 22.552381 | BA62: =412000/AB62 -> 98.095238 | BB62: =Z62/1850 -> 0.044341216
A63: D0022 | B63: TRUCK,UTILITY, M1152 UA 2D (HMMWV CARGO) | C63: HMV | D63: 4 | E63: 11 | F63: 4 | G63: 12 | H63: 14 | I63: 9 | J63: 3 | K63: 2 | L63: 3 | M63: 18 | N63: 4 | O63: 4 | P63: 4 | Q63: 2 | R63: 0 | S63: 0 | T63: =R63+S63 -> 0 | U63: 2 | W63: 194 | X63: 86 | Y63: 76 | Z63: =(W63/12)*(X63/12) -> 115.86111 | AA63: =(W63/12)*(X63/12)*(Y63/12) -> 733.78704 | AB63: 12100 | AC63: 25 | AD63: 10 | AE63: 2 | AF63: 8 | AG63: 0 | AH63: 0 | AI63: 5700 | AJ63: 1 | AK63: 0 | AL63: 0 | AM63: 0 | AO63: 0 | AP63: 0 | AQ63: 0 | AR63: 0 | AS63: 0 | AT63: 0 | AV63: =1809/Z63 -> 15.613522 | AW63: =120000/AB63 -> 9.9173554 | AX63: =AB63/120000 -> 0.10083333 | AZ63: =1850/Z63 -> 15.967394 | BA63: =412000/AB63 -> 34.049587 | BB63: =Z63/1850 -> 0.062627628
A64: D0025 | B64: MRAP COUGAR 4X4 | C64: MRAP | D64: 0 | E64: 0 | F64: 0 | G64: 6 | H64: 0 | I64: 0 | J64: 0 | K64: 0 | L64: 3 | M64: 0 | N64: 0 | O64: 0 | P64: 0 | Q64: 0 | R64: 2 | S64: 2 | T64: =R64+S64 -> 4 | U64: 0 | W64: 228 | X64: 94 | Y64: 103 | Z64: =(W64/12)*(X64/12) -> 148.83333 | AA64: =(W64/12)*(X64/12)*(Y64/12) -> 1277.4861 | AB64: 36000 | AC64: 100 | AD64: 6.8 | AE64: 2 | AF64: 2 | AG64: 0 | AH64: 0 | AI64: 4000 | AJ64: 1 | AK64: 0 | AL64: 0 | AM64: 0 | AO64: 0 | AP64: 0 | AQ64: 0 | AR64: 0 | AS64: 0 | AT64: 0 | AV64: =1809/Z64 -> 12.154535 | AW64: =120000/AB64 -> 3.3333333 | AX64: =AB64/120000 -> 0.3 | AZ64: =1850/Z64 -> 12.430011 | BA64: =412000/AB64 -> 11.444444 | BB64: =AB64/412000 -> 0.087378641
A65: D0027 | B65: MRAP COUGAR 6X6 | C65: MRAP | D65: 0 | E65: 0 | F65: 0 | G65: 0 | H65: 0 | I65: 0 | J65: 0 | K65: 0 | L65: 2 | M65: 0 | N65: 0 | O65: 0 | P65: 0 | Q65: 0 | R65: 0 | S65: 0 | T65: =R65+S65 -> 0 | U65: 0 | W65: 294 | X65: 104 | Y65: 127 | Z65: =(W65/12)*(X65/12) -> 212.33333 | AA65: =(W65/12)*(X65/12)*(Y65/12) -> 2247.1944 | AB65: 51200 | AC65: 100 | AD65: 6.8 | AE65: 2 | AF65: 8 | AG65: 0 | AH65: 0 | AI65: 13000 | AJ65: 1 | AK65: 0 | AL65: 0 | AM65: 0 | AO65: 0 | AP65: 0 | AQ65: 0 | AR65: 0 | AS65: 0 | AT65: 0 | AV65: =1809/Z65 -> 8.5196232 | AW65: =120000/AB65 -> 2.34375 | AX65: =AB65/120000 -> 0.42666667 | AZ65: =1850/Z65 -> 8.7127159 | BA65: =412000/AB65 -> 8.046875 | BB65: =AB65/412000 -> 0.12427184
A66: D0030 | B66: TRUCK, UTILITY, M1151 ARM 4D (HMMWV GUN TRK) | C66: HMMWV | D66: 14 | E66: 17 | F66: 2 | G66: 20 | H66: 44 | I66: 24 | J66: 8 | K66: 37 | L66: 24 | M66: 24 | N66: 12 | O66: 12 | P66: 12 | Q66: 13 | R66: 61 | S66: 61 | T66: =R66+S66 -> 122 | U66: 73 | W66: 194 | X66: 80 | Y66: 107.68 | Z66: =(W66/12)*(X66/12) -> 107.77778 | AA66: =(W66/12)*(X66/12)*(Y66/12) -> 967.12593 | AB66: 12100 | AC66: 25 | AD66: 10 | AE66: 2 | AF66: 3 | AG66: 0 | AH66: 0 | AI66: 1800 | AJ66: 0.5 | AK66: 0 | AL66: 0 | AM66: 0 | AO66: 0 | AP66: 0 | AQ66: 0 | AR66: 0 | AS66: 0 | AT66: 0 | AV66: =1809/Z66 -> 16.784536 | AW66: =120000/AB66 -> 9.9173554 | AX66: =AB66/120000 -> 0.10083333 | AZ66: =1850/Z66 -> 17.164948 | BA66: =412000/AB66 -> 34.049587 | BB66: =Z66/1850 -> 0.058258258
A67: D0031 | B67: TRUCK, UTILITY, M1165 UA 4D (HMMWV C2) | C67: HMMWV | D67: 4 | E67: 8 | F67: 0 | G67: 0 | H67: 12 | I67: 0 | J67: 4 | K67: 2 | L67: 18 | M67: 0 | N67: 2 | O67: 2 | P67: 2 | Q67: 0 | R67: 0 | S67: 0 | T67: =R67+S67 -> 0 | U67: 4 | W67: 194 | X67: 86 | Y67: 76 | Z67: =(W67/12)*(X67/12) -> 115.86111 | AA67: =(W67/12)*(X67/12)*(Y67/12) -> 733.78704 | AB67: 12100 | AC67: 25 | AD67: 10 | AE67: 2 | AF67: 2 | AG67: 0 | AH67: 0 | AI67: 4950 | AJ67: 1 | AK67: 0 | AL67: 0 | AM67: 0 | AO67: 0 | AP67: 0 | AQ67: 0 | AR67: 0 | AS67: 0 | AT67: 0 | AV67: =1809/Z67 -> 15.613522 | AW67: =120000/AB67 -> 9.9173554 | AX67: =AB67/120000 -> 0.10083333 | AZ67: =1850/Z67 -> 15.967394 | BA67: =412000/AB67 -> 34.049587 | BB67: =Z67/1850 -> 0.062627628
A68: D0032 | B68: TRUCK, UTILITY, M1167 ARM (HMMWV TOW) | C68: HMMWV | D68: 0 | E68: 0 | F68: 0 | G68: 0 | H68: 0 | I68: 8 | J68: 0 | K68: 0 | L68: 15 | M68: 0 | N68: 0 | O68: 0 | P68: 0 | Q68: 0 | R68: 50 | S68: 50 | T68: =R68+S68 -> 100 | U68: 0 | W68: 194 | X68: 91 | Y68: 80 | Z68: =(W68/12)*(X68/12) -> 122.59722 | AA68: =(W68/12)*(X68/12)*(Y68/12) -> 817.31481 | AB68: 13100 | AC68: 25 | AD68: 10 | AE68: 2 | AF68: 3 | AG68: 0 | AH68: 0 | AI68: 1850 | AJ68: 0.5 | AK68: 0 | AL68: 0 | AM68: 0 | AO68: 0 | AP68: 0 | AQ68: 0 | AR68: 0 | AS68: 0 | AT68: 0 | AV68: =1809/Z68 -> 14.755636 | AW68: =120000/AB68 -> 9.1603053 | AX68: =AB68/120000 -> 0.10916667 | AZ68: =1850/Z68 -> 15.090065 | BA68: =412000/AB68 -> 31.450382 | BB68: =Z68/1850 -> 0.066268769
A69: D0033 | B69: TRUCK, UTILITY, M1152 ARM 2D (HMMWV CARGO) | C69: TUCK | D69: 4 | E69: 7 | F69: 0 | G69: 12 | H69: 12 | I69: 15 | J69: 4 | K69: 5 | L69: 11 | M69: 111 | N69: 5 | O69: 5 | P69: 5 | Q69: 3 | R69: 54 | S69: 54 | T69: =R69+S69 -> 108 | U69: 0 | W69: 194 | X69: 90.5 | Y69: 75 | Z69: =(W69/12)*(X69/12) -> 121.92361 | AA69: =(W69/12)*(X69/12)*(Y69/12) -> 762.02257 | AB69: 12100 | AC69: 25 | AD69: 10 | AE69: 2 | AF69: 8 | AG69: 0 | AH69: 0 | AI69: 2430 | AJ69: 1 | AK69: 0 | AL69: 0 | AM69: 0 | AO69: 0 | AP69: 0 | AQ69: 0 | AR69: 0 | AS69: 0 | AT69: 0 | AV69: =1809/Z69 -> 14.837159 | AW69: =120000/AB69 -> 9.9173554 | AX69: =AB69/120000 -> 0.10083333 | AZ69: =1850/Z69 -> 15.173435 | BA69: =412000/AB69 -> 34.049587 | BB69: =Z69/1850 -> 0.065904655
A70: D0034 | B70: TRUCK, UTILITY, M1165 ARM 4D (HMMWV C2) | C70: HMV | D70: 5 | E70: 8 | F70: 6 | G70: 0 | H70: 10 | I70: 5 | J70: 1 | K70: 8 | L70: 10 | M70: 7 | N70: 2 | O70: 2 | P70: 2 | Q70: 2 | R70: 125 | S70: 125 | T70: =R70+S70 -> 250 | U70: 5 | W70: 194 | X70: 90.8 | Y70: 75 | Z70: =(W70/12)*(X70/12) -> 122.32778 | AA70: =(W70/12)*(X70/12)*(Y70/12) -> 764.54861 | AB70: 12100 | AC70: 25 | AD70: 10 | AE70: 2 | AF70: 2 | AG70: 0 | AH70: 0 | AI70: 2230 | AJ70: 1 | AK70: 0 | AL70: 0 | AM70: 0 | AO70: 0 | AP70: 0 | AQ70: 0 | AR70: 0 | AS70: 0 | AT70: 0 | AV70: =1809/Z70 -> 14.788138 | AW70: =120000/AB70 -> 9.9173554 | AX70: =AB70/120000 -> 0.10083333 | AZ70: =1850/Z70 -> 15.123303 | BA70: =412000/AB70 -> 34.049587 | BB70: =Z70/1850 -> 0.066123123
A71: D0035 | B71: TRAILER, PALLETIZED, M1076 (PLS TRLR) | C71: TRLR | D71: 11 | E71: 3 | F71: 4 | G71: 5 | H71: 6 | I71: 0 | J71: 5 | K71: 0 | L71: 10 | M71: 0 | N71: 0 | O71: 0 | P71: 0 | Q71: 6 | R71: 0 | S71: 0 | T71: =R71+S71 -> 0 | U71: 0 | W71: 327.4 | X71: 95.7 | Y71: 60 | Z71: =(W71/12)*(X71/12) -> 217.58458 | AA71: =(W71/12)*(X71/12)*(Y71/12) -> 1087.9229 | AB71: 49520 | AC71: 0 | AD71: 0 | AE71: 0 | AF71: 0 | AG71: 0 | AH71: 0 | AI71: 33000 | AJ71: 16 | AK71: 0 | AL71: 4 | AM71: 1 | AO71: 0 | AP71: 0 | AQ71: 0 | AR71: 0 | AS71: 0 | AT71: 0 | AV71: =1809/Z71 -> 8.3140082 | AW71: =120000/AB71 -> 2.4232633 | AX71: =AB71/120000 -> 0.41266667 | AZ71: =1850/Z71 -> 8.5024406 | BA71: =412000/AB71 -> 8.3198708 | BB71: =AB71/412000 -> 0.12019417
A72: D0036 | B72: MINE RESISTANT, MATV | C72: MRAP | D72: 0 | E72: 1 | F72: 0 | G72: 0 | H72: 0 | I72: 0 | J72: 0 | K72: 0 | L72: 5 | M72: 0 | N72: 0 | O72: 0 | P72: 0 | Q72: 8 | R72: 0 | S72: 0 | T72: =R72+S72 -> 0 | U72: 0 | W72: 246.8 | X72: 98.1 | Y72: 105 | Z72: =(W72/12)*(X72/12) -> 168.1325 | AA72: =(W72/12)*(X72/12)*(Y72/12) -> 1471.1594 | AB72: 32500 | AC72: 46 | AD72: 9.3 | AE72: 2 | AF72: 3 | AG72: 0 | AH72: 0 | AI72: 4000 | AJ72: 1 | AK72: 0 | AL72: 0 | AM72: 0 | AO72: 0 | AP72: 0 | AQ72: 0 | AR72: 0 | AS72: 0 | AT72: 0 | AV72: =1809/Z72 -> 10.759371 | AW72: =120000/AB72 -> 3.6923077 | AX72: =AB72/120000 -> 0.27083333 | AZ72: =1850/Z72 -> 11.003227 | BA72: =412000/AB72 -> 12.676923 | BB72: =Z72/1850 -> 0.090882432
A73: D0045 | B73: JOINT LIGHT TACTICAL VEHICLE | C73: JLTV | D73: 9 | E73: 19 | F73: 6 | G73: 0 | H73: 18 | I73: 5 | J73: 5 | K73: 10 | L73: 36 | M73: 3 | N73: 4 | O73: 4 | P73: 4 | Q73: 2 | R73: 0 | S73: 0 | T73: =R73+S73 -> 0 | U73: 8 | W73: 246.12 | X73: 98.4 | Y73: 102.36 | Z73: =(W73/12)*(X73/12) -> 168.182 | AA73: =(W73/12)*(X73/12)*(Y73/12) -> 1434.5925 | AB73: 19842 | AC73: 30 | AD73: 10 | AE73: 2 | AF73: 3 | AG73: 0 | AH73: 0 | AI73: 2000 | AJ73: 0.5 | AK73: 0 | AL73: 0 | AM73: 0 | AO73: 0 | AP73: 0 | AQ73: 0 | AR73: 0 | AS73: 0 | AT73: 0 | AV73: =1809/Z73 -> 10.756205 | AW73: =120000/AB73 -> 6.0477774 | AX73: =AB73/120000 -> 0.16535 | AZ73: =1850/Z73 -> 10.999988 | BA73: =412000/AB73 -> 20.764036 | BB73: =Z73/1850 -> 0.090909189
A74: D0046 | B74: JOINT LIGHT TACTICAL VEHICLE | C74: JLTV | D74: 14 | E74: 17 | F74: 2 | G74: 20 | H74: 44 | I74: 24 | J74: 8 | K74: 37 | L74: 24 | M74: 24 | N74: 12 | O74: 12 | P74: 12 | Q74: 13 | R74: 0 | S74: 0 | T74: =R74+S74 -> 0 | U74: 73 | W74: 246.12 | X74: 98.4 | Y74: 102.36 | Z74: =(W74/12)*(X74/12) -> 168.182 | AA74: =(W74/12)*(X74/12)*(Y74/12) -> 1434.5925 | AB74: 19842 | AC74: 30 | AD74: 10 | AE74: 2 | AF74: 3 | AG74: 0 | AH74: 0 | AI74: 2000 | AJ74: 0.5 | AK74: 0 | AL74: 0 | AM74: 0 | AO74: 0 | AP74: 0 | AQ74: 0 | AR74: 0 | AS74: 0 | AT74: 0 | AV74: =1809/Z74 -> 10.756205 | AW74: =120000/AB74 -> 6.0477774 | AX74: =AB74/120000 -> 0.16535 | AZ74: =1850/Z74 -> 10.999988 | BA74: =412000/AB74 -> 20.764036 | BB74: =Z74/1850 -> 0.090909189
A75: D0047 | B75: JOINT LIGHT TACTICAL VEHICLE | C75: JLTV | D75: 0 | E75: 0 | F75: 0 | G75: 0 | H75: 0 | I75: 8 | J75: 0 | K75: 0 | L75: 26 | M75: 0 | N75: 0 | O75: 0 | P75: 0 | Q75: 0 | R75: 0 | S75: 0 | T75: =R75+S75 -> 0 | U75: 0 | W75: 246.12 | X75: 98.4 | Y75: 102.36 | Z75: =(W75/12)*(X75/12) -> 168.182 | AA75: =(W75/12)*(X75/12)*(Y75/12) -> 1434.5925 | AB75: 19842 | AC75: 30 | AD75: 10 | AE75: 2 | AF75: 3 | AG75: 0 | AH75: 0 | AI75: 2000 | AJ75: 0.5 | AK75: 0 | AL75: 0 | AM75: 0 | AO75: 0 | AP75: 0 | AQ75: 0 | AR75: 0 | AS75: 0 | AT75: 0 | AV75: =1809/Z75 -> 10.756205 | AW75: =120000/AB75 -> 6.0477774 | AX75: =AB75/120000 -> 0.16535 | AZ75: =1850/Z75 -> 10.999988 | BA75: =412000/AB75 -> 20.764036 | BB75: =Z75/1850 -> 0.090909189
A76: D0048 | B76: JOINT LIGHT TACTICAL VEHICLE | C76: JLTV | D76: 0 | E76: 0 | F76: 9 | G76: 14 | H76: 0 | I76: 24 | J76: 0 | K76: 0 | L76: 0 | M76: 0 | N76: 0 | O76: 0 | P76: 0 | Q76: 0 | R76: 0 | S76: 0 | T76: =R76+S76 -> 0 | U76: 0 | W76: 246.12 | X76: 98.4 | Y76: 102.36 | Z76: =(W76/12)*(X76/12) -> 168.182 | AA76: =(W76/12)*(X76/12)*(Y76/12) -> 1434.5925 | AB76: 19842 | AC76: 30 | AD76: 10 | AE76: 2 | AF76: 3 | AG76: 0 | AH76: 0 | AI76: 2000 | AJ76: 0.5 | AK76: 0 | AL76: 0 | AM76: 0 | AO76: 0 | AP76: 0 | AQ76: 0 | AR76: 0 | AS76: 0 | AT76: 0 | AV76: =1809/Z76 -> 10.756205 | AW76: =120000/AB76 -> 6.0477774 | AX76: =AB76/120000 -> 0.16535 | AZ76: =1850/Z76 -> 10.999988 | BA76: =412000/AB76 -> 20.764036 | BB76: =Z76/1850 -> 0.090909189
A77: D0051 | B77: MRAP COUGAR 6X6 CAT II | C77: MRAP | D77: 0 | E77: 0 | F77: 0 | G77: 6 | H77: 0 | I77: 0 | J77: 0 | K77: 0 | L77: 0 | M77: 0 | N77: 0 | O77: 0 | P77: 0 | Q77: 0 | R77: 2 | S77: 2 | T77: =R77+S77 -> 4 | U77: 0 | W77: 295 | X77: 108 | Y77: 124 | Z77: =(W77/12)*(X77/12) -> 221.25 | AA77: =(W77/12)*(X77/12)*(Y77/12) -> 2286.25 | AB77: 48000 | AC77: 70 | AD77: 5 | AE77: 2 | AF77: 8 | AG77: 0 | AH77: 0 | AI77: 75000 | AJ77: 1 | AK77: 0 | AL77: 0 | AM77: 0 | AO77: 0 | AP77: 0 | AQ77: 0 | AR77: 0 | AS77: 0 | AT77: 0 | AV77: =1809/Z77 -> 8.1762712 | AW77: =120000/AB77 -> 2.5 | AX77: =AB77/120000 -> 0.4 | AZ77: =1850/Z77 -> 8.3615819 | BA77: =412000/AB77 -> 8.5833333 | BB77: =Z77/1850 -> 0.11959459
A78: D0052 | B78: AMKR-18 (LVSR SELF LOADER) | C78: LVSR | D78: 11 | E78: 3 | F78: 4 | G78: 5 | H78: 6 | I78: 0 | J78: 3 | K78: 0 | L78: 10 | M78: 0 | N78: 0 | O78: 0 | P78: 0 | Q78: 6 | R78: 19 | S78: 19 | T78: =R78+S78 -> 38 | U78: 0 | W78: 432 | X78: 109.7 | Y78: 149.2 | Z78: =(W78/12)*(X78/12) -> 329.1 | AA78: =(W78/12)*(X78/12)*(Y78/12) -> 4091.81 | AB78: 84125 | AC78: 166 | AD78: 2.5 | AE78: 2 | AF78: 0 | AG78: 0 | AH78: 0 | AI78: 45000 | AJ78: 16 | AK78: 0 | AL78: 4 | AM78: 1 | AO78: 0 | AP78: 0 | AQ78: 0 | AR78: 0 | AS78: 0 | AT78: 0 | AV78: =1809/Z78 -> 5.4968095 | AW78: =120000/AB78 -> 1.4264487 | AX78: =AB78/120000 -> 0.70104167 | AZ78: =1850/Z78 -> 5.6213917 | BA78: =412000/AB78 -> 4.897474 | BB78: =AB78/412000 -> 0.20418689
A79: D0053 | B79: AMKR-16 (LVSR 5TH WHEEL) | C79: LVSR | D79: 0 | E79: 0 | F79: 2 | G79: 2 | H79: 0 | I79: 0 | J79: 0 | K79: 0 | L79: 2 | M79: 0 | N79: 0 | O79: 0 | P79: 0 | Q79: 1 | R79: 2 | S79: 2 | T79: =R79+S79 -> 4 | U79: 0 | W79: 415.5 | X79: 109.7 | Y79: 106.7 | Z79: =(W79/12)*(X79/12) -> 316.53021 | AA79: =(W79/12)*(X79/12)*(Y79/12) -> 2814.4811 | AB79: 63850 | AC79: 166 | AD79: 2 | AE79: 2 | AF79: 0 | AG79: 0 | AH79: 0 | AI79: 10000 | AJ79: 0 | AK79: 0 | AL79: 0 | AM79: 0 | AO79: 0 | AP79: 0 | AQ79: 0 | AR79: 0 | AS79: 0 | AT79: 0 | AV79: =1809/Z79 -> 5.7150943 | AW79: =120000/AB79 -> 1.8794049 | AX79: =AB79/120000 -> 0.53208333 | AZ79: =1850/Z79 -> 5.8446238 | BA79: =412000/AB79 -> 6.4526233 | BB79: =Z79/1850 -> 0.17109741
A80: D0054 | B80: AMKR-15 (LVSR WRECKER) | C80: LVSR | D80: 1 | E80: 0 | F80: 1 | G80: 1 | H80: 0 | I80: 0 | J80: 1 | K80: 0 | L80: 1 | M80: 0 | N80: 0 | O80: 0 | P80: 0 | Q80: 1 | R80: 4 | S80: 4 | T80: =R80+S80 -> 8 | U80: 0 | W80: 458 | X80: 109.7 | Y80: 106 | Z80: =(W80/12)*(X80/12) -> 348.90694 | AA80: =(W80/12)*(X80/12)*(Y80/12) -> 3082.0113 | AB80: 87504 | AC80: 166 | AD80: 2.5 | AE80: 2 | AF80: 0 | AG80: 0 | AH80: 0 | AI80: 0 | AJ80: 0 | AK80: 0 | AL80: 0 | AM80: 0 | AN80: 0 | AO80: 0 | AP80: 0 | AQ80: 0 | AR80: 0 | AS80: 0 | AT80: 0 | AV80: =1809/Z80 -> 5.1847635 | AW80: =120000/AB80 -> 1.3713659 | AX80: =AB80/120000 -> 0.7292 | AZ80: =1850/Z80 -> 5.3022734 | BA80: =412000/AB80 -> 4.7083562 | BB80: =AB80/412000 -> 0.21238835
A81: D0056 | B81: UTILITY VEHICLE, OFFROAD (UTV) | C81: UTV | D81: 0 | E81: 0 | F81: 0 | G81: 0 | H81: 0 | I81: 0 | J81: 0 | K81: 26 | L81: 0 | M81: 0 | N81: 18 | O81: 18 | P81: 18 | Q81: 0 | R81: 0 | S81: 0 | T81: =R81+S81 -> 0 | U81: 0 | W81: 140 | X81: 59.5 | Y81: 73.8 | Z81: =(W81/12)*(X81/12) -> 57.847222 | AA81: =(W81/12)*(X81/12)*(Y81/12) -> 355.76042 | AB81: 2100 | AC81: 9.5 | AD81: 10.5 | AE81: 2 | AF81: 2 | AG81: 0 | AH81: 0 | AI81: 500 | AJ81: 0 | AK81: 0 | AL81: 0 | AM81: 0 | AO81: 0 | AP81: 0 | AQ81: 0 | AR81: 0 | AS81: 0 | AT81: 0 | AV81: =1809/Z81 -> 31.272029 | AW81: =120000/AB81 -> 57.142857 | AX81: =AB81/120000 -> 0.0175 | AZ81: =1850/Z81 -> 31.980792 | BA81: =412000/AB81 -> 196.19048 | BB81: =Z81/1850 -> 0.031268769
A82: D0080 | B82: CHASSIS,TRAILER, M353 (MTVR UT TRLR) | C82: TRLR | D82: 1 | E82: 0 | F82: 6 | G82: 5 | H82: 0 | I82: 0 | J82: 2 | K82: 0 | L82: 2 | M82: 10 | N82: 0 | O82: 0 | P82: 0 | Q82: 12 | R82: 1 | S82: 2 | T82: =R82+S82 -> 3 | U82: 0 | W82: 187.5 | X82: 95.9 | Y82: 48.25 | Z82: =(W82/12)*(X82/12) -> 124.86979 | AA82: =(W82/12)*(X82/12)*(Y82/12) -> 502.08062 | AB82: 9650 | AC82: 0 | AD82: 0 | AE82: 0 | AF82: 0 | AG82: 0 | AH82: 0 | AI82: 7000 | AJ82: 1 | AK82: 0 | AL82: 0 | AM82: 0 | AO82: 0 | AP82: 0 | AQ82: 0 | AR82: 0 | AS82: 0 | AT82: 0 | AV82: =1809/Z82 -> 14.487091 | AW82: =120000/AB82 -> 12.435233 | AX82: =AB82/120000 -> 0.080416667 | AZ82: =1850/Z82 -> 14.815433 | BA82: =412000/AB82 -> 42.694301 | BB82: =Z82/1850 -> 0.067497185
A83: D0198 | B83: TRUCK,RTAA,CARGO, MK23 (MTVR SB) | C83: MTVR | D83: 6 | E83: 28 | F83: 7 | G83: 4 | H83: 4 | I83: 0 | J83: 11 | K83: 2 | L83: 10 | M83: 51 | N83: 7 | O83: 7 | P83: 7 | Q83: 12 | R83: 19 | S83: 19 | T83: =R83+S83 -> 38 | U83: 16 | W83: 314.9 | X83: 98 | Y83: 141.2 | Z83: =(W83/12)*(X83/12) -> 214.30694 | AA83: =(W83/12)*(X83/12)*(Y83/12) -> 2521.6784 | AB83: 62200 | AC83: 80 | AD83: 4.5 | AE83: 3 | AF83: 16 | AG83: 0 | AH83: 0 | AI83: 14000 | AJ83: 12 | AK83: 2 | AL83: 2 | AM83: 0 | AO83: 0 | AP83: 0 | AQ83: 0 | AR83: 0 | AS83: 0 | AT83: 0 | AV83: =1809/Z83 -> 8.4411637 | AW83: =120000/AB83 -> 1.9292605 | AX83: =AB83/120000 -> 0.51833333 | AZ83: =1850/Z83 -> 8.6324781 | BA83: =412000/AB83 -> 6.6237942 | BB83: =AB83/412000 -> 0.15097087
A84: D0211 | B84: FLATRACK, REFUELER (FRC ISOCON EQUIV) | C84: FUEL | D84: 3 | E84: 0 | F84: 3 | G84: 0 | H84: 0 | I84: 0 | J84: 0 | K84: 0 | L84: 10 | M84: 0 | N84: 0 | O84: 0 | P84: 0 | Q84: 0 | R84: 9 | S84: 9 | T84: =R84+S84 -> 18 | U84: 0 | W84: 240 | X84: 96 | Y84: 96 | Z84: =(W84/12)*(X84/12) -> 160 | AA84: =(W84/12)*(X84/12)*(Y84/12) -> 1280 | AB84: 34320 | AC84: 2400 | AD84: 0 | AE84: 0 | AF84: 0 | AG84: 2400 | AH84: 0 | AI84: 0 | AJ84: 0 | AK84: 0 | AL84: 0 | AM84: 0 | AO84: 0 | AP84: 0 | AQ84: 0 | AR84: 0 | AS84: 0 | AT84: 0 | AV84: =1809/Z84 -> 11.30625 | AW84: =120000/AB84 -> 3.4965035 | AX84: =AB84/120000 -> 0.286 | AZ84: =1850/Z84 -> 11.5625 | BA84: =412000/AB84 -> 12.004662 | BB84: =Z84/1850 -> 0.086486486
A85: D0235 | B85: HVY EQUIP TRALER, M870A2 (LOWBOY TRLR) | C85: TRLR | D85: 2 | E85: 0 | F85: 0 | G85: 4 | H85: 0 | I85: 0 | J85: 2 | K85: 0 | L85: 2 | M85: 0 | N85: 0 | O85: 0 | P85: 0 | Q85: 5 | R85: 2 | S85: 2 | T85: =R85+S85 -> 4 | U85: 0 | W85: 508 | X85: 96 | Y85: 101.3 | Z85: =(W85/12)*(X85/12) -> 338.66667 | AA85: =(W85/12)*(X85/12)*(Y85/12) -> 2858.9111 | AB85: 99600 | AC85: 0 | AD85: 0 | AE85: 0 | AF85: 0 | AG85: 0 | AH85: 0 | AI85: 80000 | AJ85: 16 | AK85: 0 | AL85: 0 | AM85: 0 | AO85: 0 | AP85: 0 | AQ85: 0 | AR85: 0 | AS85: 0 | AT85: 0 | AV85: =1809/Z85 -> 5.3415354 | AW85: =120000/AB85 -> 1.2048193 | AX85: =AB85/120000 -> 0.83 | AZ85: =1850/Z85 -> 5.4625984 | BA85: =412000/AB85 -> 4.1365462 | BB85: =AB85/412000 -> 0.24174757
A86: D0840 | B86: TRAILER, AMMUNITION, M1164 (ITV AMMO TRLR) | C86: TRLR | D86: 0 | E86: 6 | F86: 0 | G86: 0 | H86: 0 | I86: 0 | J86: 0 | K86: 0 | L86: 0 | M86: 0 | N86: 0 | O86: 0 | P86: 0 | Q86: 0 | R86: 0 | S86: 0 | T86: =R86+S86 -> 0 | U86: 0 | W86: 70.3 | X86: 60 | Y86: 57.6 | Z86: =(W86/12)*(X86/12) -> 29.291667 | AA86: =(W86/12)*(X86/12)*(Y86/12) -> 140.6 | AB86: 2725 | AC86: 0 | AD86: 0 | AE86: 0 | AF86: 0 | AG86: 0 | AH86: 0 | AI86: 1800 | AJ86: 0 | AK86: 0 | AL86: 0 | AM86: 0 | AN86: 0 | AO86: 0 | AP86: 0 | AQ86: 0 | AR86: 0 | AS86: 0 | AT86: 0 | AV86: =1809/Z86 -> 61.758179 | AW86: =120000/AB86 -> 44.036697 | AX86: =AB86/120000 -> 0.022708333 | AZ86: =1850/Z86 -> 63.157895 | BA86: =412000/AB86 -> 151.19266 | BB86: =Z86/1850 -> 0.015833333
A87: D0861 | B87: HIMARS RE-SUPPLY TRAILER | C87: TRLR | D87: 0 | E87: 0 | F87: 0 | G87: 0 | H87: 48 | I87: 0 | J87: 0 | K87: 0 | L87: 0 | M87: 0 | N87: 0 | O87: 0 | P87: 0 | Q87: 0 | R87: 0 | S87: 0 | T87: =R87+S87 -> 0 | U87: 0 | W87: 187.5 | X87: 95.9 | Y87: 48.25 | Z87: =(W87/12)*(X87/12) -> 124.86979 | AA87: =(W87/12)*(X87/12)*(Y87/12) -> 502.08062 | AB87: 9650 | AC87: 0 | AD87: 0 | AE87: 0 | AF87: 0 | AG87: 0 | AH87: 0 | AI87: 7000 | AJ87: 1 | AK87: 0 | AL87: 0 | AM87: 0 | AO87: 0 | AP87: 0 | AQ87: 0 | AR87: 0 | AS87: 0 | AT87: 0 | AV87: =1809/Z87 -> 14.487091 | AW87: =120000/AB87 -> 12.435233 | AX87: =AB87/120000 -> 0.080416667 | AZ87: =1850/Z87 -> 14.815433 | BA87: =412000/AB87 -> 42.694301 | BB87: =Z87/1850 -> 0.067497185
A88: D0862 | B88: TRAILER, CARGO, MK105 (HMMWV TRLR) | C88: TRLR | D88: 2 | E88: 27 | F88: 8 | G88: 4 | H88: 12 | I88: 0 | J88: 7 | K88: 2 | L88: 9 | M88: 24 | N88: 4 | O88: 4 | P88: 4 | Q88: 12 | R88: 50 | S88: 50 | T88: =R88+S88 -> 100 | U88: 0 | W88: 200 | X88: 98 | Y88: 124.5 | Z88: =(W88/12)*(X88/12) -> 136.11111 | AA88: =(W88/12)*(X88/12)*(Y88/12) -> 1412.1528 | AB88: 18600 | AC88: 0 | AD88: 0 | AE88: 0 | AF88: 0 | AG88: 0 | AH88: 0 | AI88: 8000 | AJ88: 4 | AK88: 0 | AL88: 0 | AM88: 0 | AO88: 0 | AP88: 0 | AQ88: 0 | AR88: 0 | AS88: 0 | AT88: 0 | AV88: =1809/Z88 -> 13.290612 | AW88: =120000/AB88 -> 6.4516129 | AX88: =AB88/120000 -> 0.155 | AZ88: =1850/Z88 -> 13.591837 | BA88: =412000/AB88 -> 22.150538 | BB88: =Z88/1850 -> 0.073573574
A89: D0880 | B89: TRAILER, TANK, M149 (WATER BULL) | C89: WATER | D89: 11 | E89: 8 | F89: 4 | G89: 6 | H89: 10 | I89: 0 | J89: 6 | K89: 2 | L89: 10 | M89: 22 | N89: 6 | O89: 6 | P89: 6 | Q89: 6 | R89: 60 | S89: 60 | T89: =R89+S89 -> 120 | U89: 0 | W89: 161 | X89: 80 | Y89: 76.5 | Z89: =(W89/12)*(X89/12) -> 89.444444 | AA89: =(W89/12)*(X89/12)*(Y89/12) -> 570.20833 | AB89: 5775 | AC89: 0 | AD89: 0 | AE89: 0 | AF89: 0 | AG89: 0 | AH89: 400 | AI89: 3335 | AJ89: 0 | AK89: 0 | AL89: 0 | AM89: 0 | AO89: 0 | AP89: 0 | AQ89: 0 | AR89: 0 | AS89: 0 | AT89: 0 | AV89: =1809/Z89 -> 20.224845 | AW89: =120000/AB89 -> 20.779221 | AX89: =Z89/1809 -> 0.049444137 | AZ89: =1850/Z89 -> 20.68323 | BA89: =412000/AB89 -> 71.341991 | BB89: =Z89/1850 -> 0.048348348
A90: D0886 | B90: TRUCK, CARGO, MKR-18 (LVSR SELF-LOAD) | C90: LVSR | D90: 2 | E90: 0 | F90: 2 | G90: 0 | H90: 0 | I90: 0 | J90: 2 | K90: 0 | L90: 2 | M90: 0 | N90: 0 | O90: 0 | P90: 0 | Q90: 0 | R90: 0 | S90: 0 | T90: =R90+S90 -> 0 | U90: 0 | W90: 432.2 | X90: 98 | Y90: 161.9 | Z90: =(W90/12)*(X90/12) -> 294.13611 | AA90: =(W90/12)*(X90/12)*(Y90/12) -> 3968.3864 | AB90: 106100 | AC90: 166 | AD90: 2 | AE90: 2 | AF90: 0 | AG90: 0 | AH90: 0 | AI90: 33000 | AJ90: 16 | AK90: 0 | AL90: 4 | AM90: 1 | AO90: 0 | AP90: 0 | AQ90: 0 | AR90: 0 | AS90: 0 | AT90: 0 | AV90: =1809/Z90 -> 6.1502139 | AW90: =120000/AB90 -> 1.1310085 | AX90: =AB90/120000 -> 0.88416667 | AZ90: =1850/Z90 -> 6.2896052 | BA90: =412000/AB90 -> 3.8831291 | BB90: =AB90/412000 -> 0.25752427
A91: D0887 | B91: TRUCK,TRACTOR MKR-16 (LVSR 5TH WHEEL) | C91: LVSR | D91: 2 | E91: 0 | F91: 0 | G91: 4 | H91: 0 | I91: 0 | J91: 2 | K91: 0 | L91: 0 | M91: 0 | N91: 0 | O91: 0 | P91: 0 | Q91: 4 | R91: 0 | S91: 0 | T91: =R91+S91 -> 0 | U91: 0 | W91: 415.5 | X91: 98 | Y91: 102 | Z91: =(W91/12)*(X91/12) -> 282.77083 | AA91: =(W91/12)*(X91/12)*(Y91/12) -> 2403.5521 | AB91: 107000 | AC91: 166 | AD91: 2.31 | AE91: 2 | AF91: 0 | AG91: 0 | AH91: 0 | AI91: 10000 | AJ91: 0 | AK91: 0 | AL91: 0 | AM91: 0 | AO91: 0 | AP91: 0 | AQ91: 0 | AR91: 0 | AS91: 0 | AT91: 0 | AV91: =1809/Z91 -> 6.3974066 | AW91: =120000/AB91 -> 1.1214953 | AX91: =AB91/120000 -> 0.89166667 | AZ91: =1850/Z91 -> 6.5424004 | BA91: =412000/AB91 -> 3.8504673 | BB91: =AB91/412000 -> 0.25970874
A92: D1001 | B92: TRUCK, AMBULANCE, M997A2 (HMMWV) | C92: HMMWV | D92: 2 | E92: 1 | F92: 1 | G92: 1 | H92: 1 | I92: 2 | J92: 2 | K92: 0 | L92: 6 | M92: 1 | N92: 1 | O92: 1 | P92: 1 | Q92: 1 | R92: 13 | S92: 13 | T92: =R92+S92 -> 26 | U92: 0 | W92: 204.5 | X92: 86 | Y92: 102 | Z92: =(W92/12)*(X92/12) -> 122.13194 | AA92: =(W92/12)*(X92/12)*(Y92/12) -> 1038.1215 | AB92: 10300 | AC92: 25 | AD92: 11 | AE92: 2 | AF92: 8 | AG92: 0 | AH92: 0 | AI92: 2530 | AJ92: 1 | AK92: 0 | AL92: 0 | AM92: 0 | AO92: 0 | AP92: 0 | AQ92: 0 | AR92: 0 | AS92: 0 | AT92: 0 | AV92: =1809/Z92 -> 14.81185 | AW92: =120000/AB92 -> 11.650485 | AX92: =AB92/120000 -> 0.085833333 | AZ92: =1850/Z92 -> 15.147552 | BA92: =412000/AB92 -> 40 | BB92: =Z92/1850 -> 0.066017267
A93: D1002 | B93: TRUCK, AMBULANCE, M1035 (HMMWV SOFT TOP) | C93: HMMWV | D93: 1 | E93: 1 | F93: 1 | G93: 1 | H93: 1 | I93: 2 | J93: 2 | K93: 1 | L93: 6 | M93: 1 | N93: 1 | O93: 1 | P93: 1 | Q93: 1 | R93: 18 | S93: 18 | T93: =R93+S93 -> 36 | U93: 0 | W93: 182.5 | X93: 86 | Y93: 72 | Z93: =(W93/12)*(X93/12) -> 108.99306 | AA93: =(W93/12)*(X93/12)*(Y93/12) -> 653.95833 | AB93: 10300 | AC93: 25 | AD93: 11 | AE93: 2 | AF93: 3 | AG93: 0 | AH93: 0 | AI93: 4200 | AJ93: 1 | AK93: 0 | AL93: 0 | AM93: 0 | AO93: 0 | AP93: 0 | AQ93: 0 | AR93: 0 | AS93: 0 | AT93: 0 | AV93: =1809/Z93 -> 16.597388 | AW93: =120000/AB93 -> 11.650485 | AX93: =AB93/120000 -> 0.085833333 | AZ93: =1850/Z93 -> 16.973558 | BA93: =412000/AB93 -> 40 | BB93: =Z93/1850 -> 0.058915165
A94: D1062 | B94: TRUCK, RTAA, MK-27 (MTVR LB) | C94: MTVR | D94: 0 | E94: 0 | F94: 4 | G94: 0 | H94: 0 | I94: 0 | J94: 0 | K94: 0 | L94: 6 | M94: 6 | N94: 0 | O94: 0 | P94: 0 | Q94: 0 | R94: 0 | S94: 0 | T94: =R94+S94 -> 0 | U94: 0 | W94: 386.5 | X94: 98 | Y94: 141.2 | Z94: =(W94/12)*(X94/12) -> 263.03472 | AA94: =(W94/12)*(X94/12)*(Y94/12) -> 3095.0419 | AB94: 62200 | AC94: 80 | AD94: 4.5 | AE94: 3 | AF94: 20 | AG94: 0 | AH94: 0 | AI94: 14000 | AJ94: 16 | AK94: 3 | AL94: 4 | AM94: 1 | AO94: 0 | AP94: 0 | AQ94: 0 | AR94: 0 | AS94: 0 | AT94: 0 | AV94: =1809/Z94 -> 6.877419 | AW94: =120000/AB94 -> 1.9292605 | AX94: =AB94/120000 -> 0.51833333 | AZ94: =1850/Z94 -> 7.033292 | BA94: =412000/AB94 -> 6.6237942 | BB94: =AB94/412000 -> 0.15097087
A95: D1063 | B95: HIMARS RE-SUPPLY (MTVR) | C95: MTVR | D95: 0 | E95: 0 | F95: 0 | G95: 0 | H95: 48 | I95: 0 | J95: 0 | K95: 0 | L95: 0 | M95: 0 | N95: 0 | O95: 0 | P95: 0 | Q95: 0 | R95: 0 | S95: 0 | T95: =R95+S95 -> 0 | U95: 0 | W95: 314.9 | X95: 98 | Y95: 141.2 | Z95: =(W95/12)*(X95/12) -> 214.30694 | AA95: =(W95/12)*(X95/12)*(Y95/12) -> 2521.6784 | AB95: 62200 | AC95: 80 | AD95: 4.5 | AE95: 3 | AF95: 0 | AG95: 0 | AH95: 0 | AI95: 0 | AJ95: 0 | AK95: 0 | AL95: 0 | AM95: 0 | AO95: 0 | AP95: 0 | AQ95: 0 | AR95: 0 | AS95: 0 | AT95: 0 | AV95: =1809/Z95 -> 8.4411637 | AW95: =120000/AB95 -> 1.9292605 | AX95: =AB95/120000 -> 0.51833333 | AZ95: =1850/Z95 -> 8.6324781 | BA95: =412000/AB95 -> 6.6237942 | BB95: =AB95/412000 -> 0.15097087
A96: D1073 | B96: TRUCK,RTAA, (MTVR DUMP) | C96: MTVR | D96: 0 | E96: 0 | F96: 2 | G96: 2 | H96: 0 | I96: 0 | J96: 0 | K96: 0 | L96: 0 | M96: 0 | N96: 0 | O96: 0 | P96: 0 | Q96: 0 | R96: 0 | S96: 0 | T96: =R96+S96 -> 0 | U96: 0 | W96: 315.4 | X96: 96 | Y96: 135.5 | Z96: =(W96/12)*(X96/12) -> 210.26667 | AA96: =(W96/12)*(X96/12)*(Y96/12) -> 2374.2611 | AB96: 62200 | AC96: 80 | AD96: 4.5 | AE96: 3 | AF96: 0 | AG96: 0 | AH96: 0 | AI96: 12200 | AJ96: 4 | AK96: 0 | AL96: 2 | AM96: 0 | AO96: 0 | AP96: 0 | AQ96: 0 | AR96: 0 | AS96: 0 | AT96: 0 | AV96: =1809/Z96 -> 8.6033608 | AW96: =120000/AB96 -> 1.9292605 | AX96: =AB96/120000 -> 0.51833333 | AZ96: =1850/Z96 -> 8.7983513 | BA96: =412000/AB96 -> 6.6237942 | BB96: =AB96/412000 -> 0.15097087
A97: D1125 | B97: TRUCK,UTILITY, M1045 (UA HMMWV TOW) | C97: HMMWV | D97: 0 | E97: 0 | F97: 0 | G97: 0 | H97: 0 | I97: 0 | J97: 0 | K97: 0 | L97: 11 | M97: 0 | N97: 0 | O97: 0 | P97: 0 | Q97: 0 | R97: 0 | S97: 0 | T97: =R97+S97 -> 0 | U97: 0 | W97: 182.5 | X97: 86 | Y97: 37 | Z97: =(W97/12)*(X97/12) -> 108.99306 | AA97: =(W97/12)*(X97/12)*(Y97/12) -> 336.06192 | AB97: 10300 | AC97: 25 | AD97: 10 | AE97: 2 | AF97: 3 | AG97: 0 | AH97: 0 | AI97: 3036 | AJ97: 0.5 | AK97: 0 | AL97: 0 | AM97: 0 | AO97: 0 | AP97: 0 | AQ97: 0 | AR97: 0 | AS97: 0 | AT97: 0 | AV97: =1809/Z97 -> 16.597388 | AW97: =120000/AB97 -> 11.650485 | AX97: =AB97/120000 -> 0.085833333 | AZ97: =1850/Z97 -> 16.973558 | BA97: =412000/AB97 -> 40 | BB97: =Z97/1850 -> 0.058915165
A98: D1158 | B98: TRUCK,UTILITY, M1123 (HB UA HMMWV) | C98: HMMWV | D98: 10 | E98: 0 | F98: 20 | G98: 3 | H98: 11 | I98: 0 | J98: 0 | K98: 13 | L98: 0 | M98: 17 | N98: 0 | O98: 0 | P98: 0 | Q98: 11 | R98: 0 | S98: 0 | T98: =R98+S98 -> 0 | U98: 41 | W98: 182.5 | X98: 86 | Y98: 73.5 | Z98: =(W98/12)*(X98/12) -> 108.99306 | AA98: =(W98/12)*(X98/12)*(Y98/12) -> 667.58247 | AB98: 10300 | AC98: 25 | AD98: 11 | AE98: 2 | AF98: 8 | AG98: 0 | AH98: 0 | AI98: 4450 | AJ98: 1 | AK98: 0 | AL98: 0 | AM98: 0 | AO98: 0 | AP98: 0 | AQ98: 0 | AR98: 0 | AS98: 0 | AT98: 0 | AV98: =1809/Z98 -> 16.597388 | AW98: =120000/AB98 -> 11.650485 | AX98: =AB98/120000 -> 0.085833333 | AZ98: =1850/Z98 -> 16.973558 | BA98: =412000/AB98 -> 40 | BB98: =Z98/1850 -> 0.058915165
A99: D1161 | B99: TRUCK,UTILITY-INTER, M1161 (ITV STRIKE) | C99: ITV | D99: 0 | E99: 5 | F99: 0 | G99: 0 | H99: 0 | I99: 0 | J99: 0 | K99: 26 | L99: 0 | M99: 0 | N99: 0 | O99: 0 | P99: 0 | Q99: 0 | R99: 0 | S99: 0 | T99: =R99+S99 -> 0 | U99: 0 | W99: 164 | X99: 59.5 | Y99: 74.5 | Z99: =(W99/12)*(X99/12) -> 67.763889 | AA99: =(W99/12)*(X99/12)*(Y99/12) -> 420.70081 | AB99: 6750 | AC99: 10 | AD99: 17 | AE99: 2 | AF99: 2 | AG99: 0 | AH99: 0 | AI99: 2000 | AJ99: 0 | AK99: 0 | AL99: 0 | AM99: 0 | AO99: 0 | AP99: 0 | AQ99: 0 | AR99: 0 | AS99: 0 | AT99: 0 | AV99: =1809/Z99 -> 26.695634 | AW99: =120000/AB99 -> 17.777778 | AX99: =AB99/120000 -> 0.05625 | AZ99: =1850/Z99 -> 27.300676 | BA99: =412000/AB99 -> 61.037037 | BB99: =Z99/1850 -> 0.036629129
A100: D1162 | B100: TRUCK,UTILITY-INTER, M1163 (ITV PRIME MVR) | C100: ITV | D100: 0 | E100: 12 | F100: 0 | G100: 0 | H100: 0 | I100: 0 | J100: 0 | K100: 0 | L100: 0 | M100: 0 | N100: 0 | O100: 0 | P100: 0 | Q100: 0 | R100: 0 | S100: 0 | T100: =R100+S100 -> 0 | U100: 0 | W100: 121.2 | X100: 59 | Y100: 74.5 | Z100: =(W100/12)*(X100/12) -> 49.658333 | AA100: =(W100/12)*(X100/12)*(Y100/12) -> 308.29549 | AB100: 5960 | AC100: 10 | AD100: 17 | AE100: 2 | AF100: 0 | AG100: 0 | AH100: 0 | AI100: 2000 | AJ100: 0 | AK100: 0 | AL100: 0 | AM100: 0 | AO100: 0 | AP100: 0 | AQ100: 0 | AR100: 0 | AS100: 0 | AT100: 0 | AV100: =1809/Z100 -> 36.428931 | AW100: =120000/AB100 -> 20.134228 | AX100: =AB100/120000 -> 0.049666667 | AZ100: =1850/Z100 -> 37.254573 | BA100: =412000/AB100 -> 69.127517 | BB100: =Z100/1850 -> 0.026842342
...

Sheet MANPOWER (UNCLASS)
A1: 3D DIV HQ | B1: 90 | C1: 252 | D1: 10 | E1: 36 | F1: =B1+C1+D1+E1 -> 388 | G1: 3D MAR | H1: =H2+H3+H4+H10+H16 -> 170 | I1: =I2+I3+I4+I10+I16 -> 2878 | J1: =J2+J3+J4+J10+J16 -> 14 | K1: =K2+K3+K4+K10+K16 -> 225 | L1: =H1+I1+J1+K1 -> 3287 | O1: 1ST CEB | P1: =SUM(P2:P7) -> 41 | Q1: =SUM(Q2:Q7) -> 859 | R1: =SUM(R2:R7) -> 2 | S1: =SUM(S2:S7) -> 26 | T1: =SUM(P1:S1) -> 928 | U1: 3D LAR BN | V1: =SUM(V2:V6) -> 44 | W1: =SUM(W2:W6) -> 837 | X1: =SUM(X2:X6) -> 3 | Y1: =SUM(Y2:Y6) -> 77 | Z1: =SUM(V1:Y1) -> 961
A2: HQBN | B2: =B3+B4+B5+B6+B7+B8+B9 -> 36 | C2: =C3+C4+C5+C6+C7+C8+C9 -> 572 | D2: =D3+D4+D5+D6+D7+D8+D9 -> 3 | E2: =E3+E4+E5+E6+E7+E8+E9 -> 24 | F2: =B2+C2+D2+E2 -> 635 | G2: HQ CO | H2: 31 | I2: 217 | J2: 5 | K2: 25 | L2: =H2+I2+J2+K2 -> 278 | O2: SUPPORT CO | P2: 6 | Q2: 220 | R2: 0 | S2: 0 | T2: =SUM(P2:S2) -> 226 | U2: CO A | V2: 5 | W2: 133 | X2: 0 | Y2: 0 | Z2: =SUM(V2:Y2) -> 138
A3: COMM CO | B3: 15 | C3: 295 | D3: 0 | E3: 0 | F3: =B3+C3+D3+E3 -> 310 | G3: CAC | H3: 4 | I3: 114 | J3: 0 | K3: 2 | L3: =H3+I3+J3+K3 -> 120 | O3: ASSAULT CO | P3: 5 | Q3: 206 | R3: 0 | S3: 0 | T3: =SUM(P3:S3) -> 211 | U3: CO B | V3: 5 | W3: 133 | X3: 0 | Y3: 0 | Z3: =SUM(V3:Y3) -> 138
A4: TRUCK CO | B4: 8 | C4: 129 | D4: 0 | E4: 0 | F4: =B4+C4+D4+E4 -> 137 | G4: V13 | H4: =H5+H6+H7+H8+H9 -> 45 | I4: =I5+I6+I7+I8+I9 -> 849 | J4: =J5+J6+J7+J8+J9 -> 3 | K4: =K5+K6+K7+K8+K9 -> 66 | L4: =H4+I4+J4+K4 -> 963 | O4: CBT ENGR CO 1 | P4: 5 | Q4: 109 | R4: 0 | S4: 0 | T4: =SUM(P4:S4) -> 114 | U4: CO C | V4: 5 | W4: 133 | X4: 0 | Y4: 0 | Z4: =SUM(V4:Y4) -> 138
A5: HQ CO | B5: 9 | C5: 104 | D5: 3 | E5: 24 | F5: =B5+C5+D5+E5 -> 140 | G5: H&S CO | H5: 22 | I5: 180 | J5: 3 | K5: 66 | L5: =H5+I5+J5+K5 -> 271 | O5: CBT ENGR CO 2 | P5: 5 | Q5: 109 | R5: 0 | S5: 0 | T5: =SUM(P5:S5) -> 114 | U5: CO D | V5: 5 | W5: 133 | X5: 0 | Y5: 0 | Z5: =SUM(V5:Y5) -> 138
A6: DS TM 1 | B6: 1 | C6: 7 | D6: 0 | E6: 0 | F6: =B6+C6+D6+E6 -> 8 | G6: LINE CO 1 | H6: 6 | I6: 176 | J6: 0 | K6: 0 | L6: =H6+I6+J6+K6 -> 182 | O6: CBT ENGR CO 3 | P6: 5 | Q6: 109 | R6: 0 | S6: 0 | T6: =SUM(P6:S6) -> 114 | U6: H&S CO | V6: 24 | W6: 305 | X6: 3 | Y6: 77 | Z6: =SUM(V6:Y6) -> 409
A7: JWTC | B7: 2 | C7: 15 | D7: 0 | E7: 0 | F7: =B7+C7+D7+E7 -> 17 | G7: LINE CO 2 | H7: 6 | I7: 176 | J7: 0 | K7: 0 | L7: =H7+I7+J7+K7 -> 182 | O7: H&S CO | P7: 15 | Q7: 106 | R7: 2 | S7: 26 | T7: =SUM(P7:S7) -> 149 | U7: LE BN | V7: =SUM(V8:V11) -> 25 | W7: =SUM(W8:W11) -> 501 | X7: =SUM(X8:X11) -> 1 | Y7: =SUM(Y8:Y11) -> 17 | Z7: =SUM(V7:Y7) -> 544
A8: DS TM 2 | B8: 1 | C8: 7 | D8: 0 | E8: 0 | F8: =B8+C8+D8+E8 -> 8 | G8: LINE CO 3 | H8: 6 | I8: 176 | J8: 0 | K8: 0 | L8: =H8+I8+J8+K8 -> 182 | O8: 1ST TANKS | P8: =SUM(P9:P13) -> 48 | Q8: =SUM(Q9:Q13) -> 735 | R8: =SUM(R9:R13) -> 2 | S8: =SUM(S9:S13) -> 31 | T8: =SUM(P8:S8) -> 816 | U8: H&S CO | V8: 10 | W8: 132 | X8: 1 | Y8: 17 | Z8: =SUM(V8:Y8) -> 160
A9: SEC COMM | B9: 0 | C9: 15 | D9: 0 | E9: 0 | F9: =B9+C9+D9+E9 -> 15 | G9: WPNS CO | H9: 5 | I9: 141 | J9: 0 | K9: 0 | L9: =H9+I9+J9+K9 -> 146 | O9: CO A | P9: 5 | Q9: 81 | R9: 0 | S9: 0 | T9: =SUM(P9:S9) -> 86 | U9: MP CO A | V9: 5 | W9: 123 | X9: 0 | Y9: 0 | Z9: =SUM(V9:Y9) -> 128
A10: 3D RECON | B10: =B11+B12+B13+B14+B15 -> 31 | C10: =C11+C12+C13+C14+C15 -> 360 | D10: =D11+D12+D13+D14+D15 -> 2 | E10: =E11+E12+E13+E14+E15 -> 18 | F10: =B10+C10+D10+E10 -> 411 | G10: V23 | H10: =H11+H12+H13+H14+H15 -> 45 | I10: =I11+I12+I13+I14+I15 -> 849 | J10: =J11+J12+J13+J14+J15 -> 3 | K10: =K11+K12+K13+K14+K15 -> 66 | L10: =H10+I10+J10+K10 -> 963 | O10: CO B | P10: 5 | Q10: 81 | R10: 0 | S10: 0 | T10: =SUM(P10:S10) -> 86 | U10: MP CO B | V10: 5 | W10: 123 | X10: 0 | Y10: 0 | Z10: =SUM(V10:Y10) -> 128
A11: CO A | B11: 3 | C11: 46 | D11: 0 | E11: 2 | F11: =B11+C11+D11+E11 -> 51 | G11: H&S CO | H11: 22 | I11: 180 | J11: 3 | K11: 66 | L11: =H11+I11+J11+K11 -> 271 | O11: CO C | P11: 5 | Q11: 81 | R11: 0 | S11: 0 | T11: =SUM(P11:S11) -> 86 | U11: MP CO C | V11: 5 | W11: 123 | X11: 0 | Y11: 0 | Z11: =SUM(V11:Y11) -> 128
A12: CO B | B12: 3 | C12: 46 | D12: 0 | E12: 2 | F12: =B12+C12+D12+E12 -> 51 | G12: LINE CO 1 | H12: 6 | I12: 176 | J12: 0 | K12: 0 | L12: =H12+I12+J12+K12 -> 182 | O12: CO D | P12: 5 | Q12: 81 | R12: 0 | S12: 0 | T12: =SUM(P12:S12) -> 86 | U12: BLT ENABLERS | V12: =SUM(V13:V15) -> 8 | W12: =SUM(W13:W15) -> 206 | X12: =SUM(X13:X15) -> 0 | Y12: =SUM(Y13:Y15) -> 3 | Z12: =SUM(V12:Y12) -> 217
A13: CO C | B13: 3 | C13: 46 | D13: 0 | E13: 2 | F13: =B13+C13+D13+E13 -> 51 | G13: LINE CO 2 | H13: 6 | I13: 176 | J13: 0 | K13: 0 | L13: =H13+I13+J13+K13 -> 182 | O13: H&S CO | P13: 28 | Q13: 411 | R13: 2 | S13: 31 | T13: =SUM(P13:S13) -> 472 | U13: AAV PLT | V13: 1 | W13: 42 | X13: 0 | Y13: 0 | Z13: 43
A14: H&S CO | B14: 12 | C14: 113 | D14: 2 | E14: 11 | F14: =B14+C14+D14+E14 -> 138 | G14: LINE CO 3 | H14: 6 | I14: 176 | J14: 0 | K14: 0 | L14: =H14+I14+J14+K14 -> 182 | O14: 3D AAV BN | P14: =SUM(P15:P19) -> 49 | Q14: =SUM(Q15:Q19) -> 1128 | R14: =SUM(R15:R19) -> 2 | S14: =SUM(S15:S19) -> 24 | T14: =SUM(P14:S14) -> 1203 | U14: ENG PLT | V14: 1 | W14: 35 | X14: 0 | Y14: 0 | Z14: 36
A15: FORCE | B15: 10 | C15: 109 | D15: 0 | E15: 1 | F15: =B15+C15+D15+E15 -> 120 | G15: WPNS CO | H15: 5 | I15: 141 | J15: 0 | K15: 0 | L15: =H15+I15+J15+K15 -> 146 | O15: CO A | P15: 6 | Q15: 185 | R15: 0 | S15: 0 | T15: =SUM(P15:S15) -> 191 | U15: BTRY | V15: 6 | W15: 129 | X15: 0 | Y15: 3 | Z15: 138
A16: CAB | B16: =B17+B18 -> 33 | C16: =C17+C18 -> 497 | D16: =D17+D18 -> 3 | E16: =E17+E18 -> 26 | F16: =B16+C16+D16+E16 -> 559 | G16: V33 | H16: =H17+H18+H19+H20+H21 -> 45 | I16: =I17+I18+I19+I20+I21 -> 849 | J16: =J17+J18+J19+J20+J21 -> 3 | K16: =K17+K18+K19+K20+K21 -> 66 | L16: =H16+I16+J16+K16 -> 963 | O16: CO B | P16: 6 | Q16: 185 | R16: 0 | S16: 0 | T16: =SUM(P16:S16) -> 191
A17: ENG CO | B17: 10 | C17: 280 | D17: 0 | E17: 0 | F17: =B17+C17+D17+E17 -> 290 | G17: H&S CO | H17: 22 | I17: 180 | J17: 3 | K17: 66 | L17: =H17+I17+J17+K17 -> 271 | O17: CO C | P17: 7 | Q17: 222 | R17: 0 | S17: 0 | T17: =SUM(P17:S17) -> 229 | U17: OTHER
A18: H&S CO | B18: 23 | C18: 217 | D18: 3 | E18: 26 | F18: =B18+C18+D18+E18 -> 269 | G18: LINE CO 1 | H18: 6 | I18: 176 | J18: 0 | K18: 0 | L18: =H18+I18+J18+K18 -> 182 | O18: CO D | P18: 8 | Q18: 207 | R18: 0 | S18: 4 | T18: =SUM(P18:S18) -> 219 | U18: HIMARS (5/11) | V18: 9 | W18: 136 | X18: 0 | Y18: 3 | Z18: =SUM(V18:Y18) -> 148
A19: 12TH MAR | B19: =B20+B21+B27 -> 105 | C19: =C20+C21+C27 -> 1201 | D19: =D20+D21+D27 -> 13 | E19: =E20+E21+E27 -> 27 | F19: =B19+C19+D19+E19 -> 1346 | G19: LINE CO 2 | H19: 6 | I19: 176 | J19: 0 | K19: 0 | L19: =H19+I19+J19+K19 -> 182 | O19: H&S CO | P19: 22 | Q19: 329 | R19: 2 | S19: 20 | T19: =SUM(P19:S19) -> 373 | U19: FIST (3/11) | V19: 16 | W19: 0 | X19: 76 | Z19: =SUM(V19:Y19) -> 92
A20: REGT HQ BTRY | B20: 27 | C20: 346 | D20: 3 | E20: 7 | F20: =B20+C20+D20+E20 -> 383 | G20: LINE CO 3 | H20: 6 | I20: 176 | J20: 0 | K20: 0 | L20: =H20+I20+J20+K20 -> 182 | O20: CLB 3 | P20: =SUM(P21:P23) -> 35 | Q20: =SUM(Q21:Q23) -> 529 | R20: =SUM(R21:R23) -> 2 | S20: =SUM(S21:S23) -> 19 | T20: =SUM(P20:S20) -> 585 | U20: AAOE | V20: 15 | W20: 155 | X20: 0 | Y20: 2 | Z20: =SUM(V20:Y20) -> 172
A21: 1ST BN, 12TH MAR | B21: =B22+B23+B24+B25+B26 -> 51 | C21: =C22+C23+C24+C25+C26 -> 585 | D21: =D22+D23+D24+D25+D26 -> 5 | E21: =E22+E23+E24+E25+E26 -> 13 | F21: =B21+C21+D21+E21 -> 654 | G21: WPNS CO | H21: 5 | I21: 141 | J21: 0 | K21: 0 | L21: =H21+I21+J21+K21 -> 146 | O21: TRANS SVC | P21: 6 | Q21: 208 | R21: 0 | S21: 0 | T21: =SUM(P21:S21) -> 214 | U21: OPP | V21: 1 | W21: 58 | X21: 0 | Y21: 1 | Z21: =SUM(V21:Y21) -> 60
A22: HQ BTRY | B22: 21 | C22: 141 | D22: 5 | E22: 4 | F22: =B22+C22+D22+E22 -> 171 | G22: 4TH MAR | H22: =H23 -> 28 | I22: =I23 -> 203 | J22: =J23 -> 4 | K22: =K23 -> 6 | L22: =H22+I22+J22+K22 -> 241 | O22: SPT CO | P22: 13 | Q22: 131 | R22: 0 | S22: 8 | T22: =SUM(P22:S22) -> 152 | U22: CAG | Z22: 156
A23: BTRY A | B23: 6 | C23: 129 | D23: 0 | E23: 3 | F23: =B23+C23+D23+E23 -> 138 | G23: HQ CO | H23: 28 | I23: 203 | J23: 4 | K23: 6 | L23: 241 | O23: H&S CO | P23: 16 | Q23: 190 | R23: 2 | S23: 11 | T23: =SUM(P23:S23) -> 219 | U23: CA DET | Z23: 10
A24: BTRY B | B24: 6 | C24: 129 | D24: 0 | E24: 3 | F24: =B24+C24+D24+E24 -> 138 | U24: CA TEAM | Z24: 5
A25: BTRY C | B25: 6 | C25: 129 | D25: 0 | E25: 3 | F25: =B25+C25+D25+E25 -> 138
A26: FIST | B26: 12 | C26: 57 | D26: 0 | E26: 0 | F26: =B26+C26+D26+E26 -> 69 | G26: 3D MARDIV T/O TOTAL | H26: MO | I26: ME | J26: NO | K26: NE | L26: TOT
A27: 3D BN, 12TH MAR | B27: =B28+B29 -> 27 | C27: =C28+C29 -> 270 | D27: =D28+D29 -> 5 | E27: =E28+E29 -> 7 | F27: =B27+C27+D27+E27 -> 309 | H27: =SUM(H22,H1,B1,B2,B10,B16,B19) -> 493 | I27: =SUM(I22,I1,C1,C2,C10,C16,C19) -> 5963 | J27: =SUM(J22,J1,D1,D2,D10,D16,D19) -> 49 | K27: =SUM(K22,K1,E1,E2,E10,E16,E19) -> 362 | L27: =SUM(H27:K27) -> 6867
A28: HQ BTRY | B28: 21 | C28: 141 | D28: 5 | E28: 4 | F28: =B28+C28+D28+E28 -> 171
A29: BTRY I | B29: 6 | C29: 129 | D29: 0 | E29: 3 | F29: =B29+C29+D29+E29 -> 138
H30: CALCULATIONS - 3d MARDIV TOTAL
A31: TYPICAL BREAK-OUT
A32: 3D DIV HQ | B32: 90 | C32: 252 | D32: 10 | E32: 36 | F32: 388 | N32: AE/ASHORE | P32: AFOE
A33: HQBN | B33: 36 | C33: 572 | D33: 3 | E33: 24 | F33: 635 | N33: QTY OF UNIT | O33: TOTAL | P33: QTY OF UNIT | Q33: TOTAL | R33: OVERALL
A34: 3D MAR | B34: 170 | C34: 2878 | D34: 14 | E34: 225 | F34: 3287 | H34: DIV HQ | I34: 90 | J34: 252 | K34: 10 | L34: 36 | M34: 388 | N34: 0 | O34: =M34*N34 -> 0 | P34: 0 | Q34: =M34*P34 -> 0 | R34: =O34+Q34 -> 0
A35: 4TH MAR | B35: 170 | C35: 2878 | D35: 14 | E35: 225 | F35: 3287 | H35: DIV HQBN | I35: 36 | J35: 572 | K35: 3 | L35: 24 | M35: 635 | N35: 0 | O35: =M35*N35 -> 0 | P35: 0 | Q35: =M35*P35 -> 0 | R35: =O35+Q35 -> 0
A36: 7TH MAR | B36: 170 | C36: 2878 | D36: 14 | E36: 225 | F36: 3287 | H36: INF REGT | I36: 170 | J36: 2878 | K36: 14 | L36: 225 | M36: 3287 | N36: 0 | O36: =M36*N36 -> 0 | P36: 0 | Q36: =M36*P36 -> 0 | R36: =O36+Q36 -> 0
A37: 3D RECON | B37: 31 | C37: 360 | D37: 2 | E37: 18 | F37: 411 | H37: IN REGT HQ CO | I37: 31 | J37: 217 | K37: 5 | L37: 25 | M37: =I37+J37+K37+L37 -> 278 | N37: 0 | O37: =M37*N37 -> 0 | P37: 0 | Q37: =M37*P37 -> 0 | R37: =O37+Q37 -> 0
A38: CAB | B38: 33 | C38: 497 | D38: 3 | E38: 26 | F38: 559 | H38: INF BN | I38: 45 | J38: 849 | K38: 3 | L38: 66 | M38: 963 | N38: 0 | O38: =M38*N38 -> 0 | P38: 0 | Q38: =M38*P38 -> 0 | R38: =O38+Q38 -> 0
A39: 12TH MAR | B39: 105 | C39: 1201 | D39: 13 | E39: 27 | F39: 1346 | H39: ARTY REGT HQ | I39: 27 | J39: 346 | K39: 3 | L39: 7 | M39: =I39+J39+K39+L39 -> 383 | N39: 0 | O39: =M39*N39 -> 0 | P39: 0 | Q39: =M39*P39 -> 0 | R39: =O39+Q39 -> 0
A40: 1ST BN, 12TH MAR | B40: 51 | C40: 585 | D40: 5 | E40: 13 | F40: 654 | G40: 18951 | H40: ARTY BN | I40: 51 | J40: 585 | K40: 5 | L40: 13 | M40: 654 | N40: 0 | O40: =M40*N40 -> 0 | P40: 0 | Q40: =M40*P40 -> 0 | R40: =O40+Q40 -> 0
H41: ARTY BATTERY | I41: 6 | J41: 129 | K41: 0 | L41: 3 | M41: =I41+J41+K41+L41 -> 138 | N41: 0 | O41: =M41*N41 -> 0 | P41: 0 | Q41: =M41*P41 -> 0 | R41: =O41+Q41 -> 0
A42: 3D BN, 12TH MAR | B42: 27 | C42: 270 | D42: 5 | E42: 7 | F42: 309 | H42: 3D RECON | I42: 31 | J42: 360 | K42: 2 | L42: 18 | M42: 411 | N42: 0 | O42: =M42*N42 -> 0 | P42: 0 | Q42: =M42*P42 -> 0 | R42: =O42+Q42 -> 0
A43: ARTY | B43: 51 | C43: 585 | D43: 5 | E43: 13 | F43: 654 | H43: RECON CO | I43: 3 | J43: 46 | K43: 0 | L43: 2 | M43: 51 | N43: 0 | O43: =M43*N43 -> 0 | P43: 0 | Q43: =M43*P43 -> 0 | R43: =O43+Q43 -> 0
A44: ARTY | B44: 51 | C44: 585 | D44: 5 | E44: 13 | F44: 654 | H44: CAB | I44: 33 | J44: 497 | K44: 3 | L44: 26 | M44: 559 | N44: 0 | O44: =M44*N44 -> 0 | P44: 0 | Q44: =M44*P44 -> 0 | R44: =O44+Q44 -> 0
A45: 1ST CEB | B45: 41 | C45: 859 | D45: 2 | E45: 26 | F45: 928 | H45: 1ST CEB | I45: 41 | J45: 859 | K45: 2 | L45: 26 | M45: 928 | N45: 0 | O45: =M45*N45 -> 0 | P45: 0 | Q45: =M45*P45 -> 0 | R45: =O45+Q45 -> 0
A46: 1ST TANKS | B46: 48 | C46: 735 | D46: 2 | E46: 31 | F46: 816 | H46: CBT ENG CO | I46: 5 | J46: 109 | K46: 0 | L46: 0 | M46: 114 | N46: 0 | O46: =M46*N46 -> 0 | P46: 0 | Q46: =M46*P46 -> 0 | R46: =O46+Q46 -> 0
A47: 3D AAV BN | B47: 49 | C47: 1128 | D47: 2 | E47: 24 | F47: 1203 | H47: 1ST TANKS | I47: 48 | J47: 735 | K47: 2 | L47: 31 | M47: 816 | N47: 0 | O47: =M47*N47 -> 0 | P47: 0 | Q47: =M47*P47 -> 0 | R47: =O47+Q47 -> 0
A48: 3D LAR BN | B48: 44 | C48: 837 | D48: 3 | E48: 77 | F48: 961 | H48: TANK CO | I48: 5 | J48: 81 | K48: 0 | L48: 0 | M48: =SUM(I48:L48) -> 86 | N48: 0 | O48: =M48*N48 -> 0 | P48: 0 | Q48: =M48*P48 -> 0 | R48: =O48+Q48 -> 0
H49: 3D AAV BN | I49: 49 | J49: 1128 | K49: 2 | L49: 24 | M49: 1203 | N49: 0 | O49: =M49*N49 -> 0 | P49: 0 | Q49: =M49*P49 -> 0 | R49: =O49+Q49 -> 0
F50: =SUM(F32:F48) -> 19379 | H50: AAV CO | I50: 6 | J50: 185 | K50: 0 | L50: 0 | M50: =SUM(I50:L50) -> 191 | N50: 0 | O50: =M50*N50 -> 0 | P50: 0 | Q50: =M50*P50 -> 0 | R50: =O50+Q50 -> 0
H51: 3D LAR BN | I51: 44 | J51: 837 | K51: 3 | L51: 77 | M51: 961 | N51: 0 | O51: =M51*N51 -> 0 | P51: 0 | Q51: =M51*P51 -> 0 | R51: =O51+Q51 -> 0
H52: LAR CO | I52: 5 | J52: 133 | K52: 0 | L52: 0 | M52: =SUM(I52:L52) -> 138 | N52: 0 | O52: =M52*N52 -> 0 | P52: 0 | Q52: =M52*P52 -> 0 | R52: =O52+Q52 -> 0
H53: LE Bn | I53: 25 | J53: 501 | K53: 1 | L53: 17 | M53: 544 | N53: 0 | O53: =M53*N53 -> 0 | P53: 0 | Q53: =M53*P53 -> 0 | R53: =O53+Q53 -> 0
H54: CAG | M54: 156 | N54: 0 | O54: =M54*N54 -> 0 | P54: 0 | Q54: =M54*P54 -> 0 | R54: =O54+Q54 -> 0
H55: CAG DET | M55: 40 | N55: 0 | O55: =M55*N55 -> 0 | P55: 0 | Q55: =M55*P55 -> 0 | R55: =O55+Q55 -> 0
N56: TOTAL | O56: =SUM(O34:O55) -> 0 | P56: TOTAL | Q56: =SUM(Q34:Q55) -> 0 | R56: =O56+Q56 -> 0
H57: CALCULATIONS - RLT-3
N59: AE/ASHORE | P59: AFOE
N60: QTY OF UNIT | O60: TOTAL | P60: QTY OF UNIT | Q60: TOTAL | R60: OVERALL
H61: DIV HQ | I61: 90 | J61: 252 | K61: 10 | L61: 36 | M61: 388 | N61: 0 | O61: =M61*N61 -> 0 | P61: 0 | Q61: =M61*P61 -> 0 | R61: =O61+Q61 -> 0
H62: DIV HQBN | I62: 36 | J62: 572 | K62: 3 | L62: 24 | M62: 635 | N62: 0 | O62: =M62*N62 -> 0 | P62: 0 | Q62: =M62*P62 -> 0 | R62: =O62+Q62 -> 0
H63: INF REGT | I63: 170 | J63: 2878 | K63: 14 | L63: 225 | M63: 3287 | N63: 0 | O63: =M63*N63 -> 0 | P63: 0 | Q63: =M63*P63 -> 0 | R63: =O63+Q63 -> 0
H64: IN REGT HQ CO | I64: 31 | J64: 217 | K64: 5 | L64: 25 | M64: =I64+J64+K64+L64 -> 278 | N64: 0 | O64: =M64*N64 -> 0 | P64: 0 | Q64: =M64*P64 -> 0 | R64: =O64+Q64 -> 0
H65: INF BN | I65: 45 | J65: 849 | K65: 3 | L65: 66 | M65: 963 | N65: 0 | O65: =M65*N65 -> 0 | P65: 0 | Q65: =M65*P65 -> 0 | R65: =O65+Q65 -> 0
H66: ARTY REGT HQ | I66: 27 | J66: 346 | K66: 3 | L66: 7 | M66: =I66+J66+K66+L66 -> 383 | N66: 0 | O66: =M66*N66 -> 0 | P66: 0 | Q66: =M66*P66 -> 0 | R66: =O66+Q66 -> 0
H67: ARTY BN | I67: 51 | J67: 585 | K67: 5 | L67: 13 | M67: 654 | N67: 0 | O67: =M67*N67 -> 0 | P67: 0 | Q67: =M67*P67 -> 0 | R67: =O67+Q67 -> 0
H68: ARTY BATTERY | I68: 6 | J68: 129 | K68: 0 | L68: 3 | M68: =I68+J68+K68+L68 -> 138 | N68: 0 | O68: =M68*N68 -> 0 | P68: 0 | Q68: =M68*P68 -> 0 | R68: =O68+Q68 -> 0
H69: 3D RECON | I69: 31 | J69: 360 | K69: 2 | L69: 18 | M69: 411 | N69: 0 | O69: =M69*N69 -> 0 | P69: 0 | Q69: =M69*P69 -> 0 | R69: =O69+Q69 -> 0
H70: RECON CO | I70: 3 | J70: 46 | K70: 0 | L70: 2 | M70: 51 | N70: 0 | O70: =M70*N70 -> 0 | P70: 0 | Q70: =M70*P70 -> 0 | R70: =O70+Q70 -> 0
H71: CAB | I71: 33 | J71: 497 | K71: 3 | L71: 26 | M71: 559 | N71: 0 | O71: =M71*N71 -> 0 | P71: 0 | Q71: =M71*P71 -> 0 | R71: =O71+Q71 -> 0
H72: 1ST CEB | I72: 41 | J72: 859 | K72: 2 | L72: 26 | M72: 928 | N72: 0 | O72: =M72*N72 -> 0 | P72: 0 | Q72: =M72*P72 -> 0 | R72: =O72+Q72 -> 0
H73: CBT ENG CO | I73: 5 | J73: 109 | K73: 0 | L73: 0 | M73: 114 | N73: 0 | O73: =M73*N73 -> 0 | P73: 0 | Q73: =M73*P73 -> 0 | R73: =O73+Q73 -> 0
H74: 1ST TANKS | I74: 48 | J74: 735 | K74: 2 | L74: 31 | M74: 816 | N74: 0 | O74: =M74*N74 -> 0 | P74: 0 | Q74: =M74*P74 -> 0 | R74: =O74+Q74 -> 0
H75: TANK CO | I75: 5 | J75: 81 | K75: 0 | L75: 0 | M75: =SUM(I75:L75) -> 86 | N75: 0 | O75: =M75*N75 -> 0 | P75: 0 | Q75: =M75*P75 -> 0 | R75: =O75+Q75 -> 0
H76: 3D AAV BN | I76: 49 | J76: 1128 | K76: 2 | L76: 24 | M76: 1203 | N76: 0 | O76: =M76*N76 -> 0 | P76: 0 | Q76: =M76*P76 -> 0 | R76: =O76+Q76 -> 0
H77: AAV CO | I77: 6 | J77: 185 | K77: 0 | L77: 0 | M77: =SUM(I77:L77) -> 191 | N77: 0 | O77: =M77*N77 -> 0 | P77: 0 | Q77: =M77*P77 -> 0 | R77: =O77+Q77 -> 0
H78: 3D LAR BN | I78: 44 | J78: 837 | K78: 3 | L78: 77 | M78: 961 | N78: 0 | O78: =M78*N78 -> 0 | P78: 0 | Q78: =M78*P78 -> 0 | R78: =O78+Q78 -> 0
H79: LAR CO | I79: 5 | J79: 133 | K79: 0 | L79: 0 | M79: =SUM(I79:L79) -> 138 | N79: 0 | O79: =M79*N79 -> 0 | P79: 0 | Q79: =M79*P79 -> 0 | R79: =O79+Q79 -> 0
H80: LE Bn | I80: 25 | J80: 501 | K80: 1 | L80: 17 | M80: 544 | N80: 0 | O80: =M80*N80 -> 0 | P80: 0 | Q80: =M80*P80 -> 0 | R80: =O80+Q80 -> 0
H81: CAG | M81: 156 | N81: 0 | O81: =M81*N81 -> 0 | P81: 0 | Q81: =M81*P81 -> 0 | R81: =O81+Q81 -> 0
H82: CAG DET | M82: 40 | N82: 0 | O82: =M82*N82 -> 0 | P82: 0 | Q82: =M82*P82 -> 0 | R82: =O82+Q82 -> 0
N83: TOTAL | O83: =SUM(O61:O82) -> 0 | P83: TOTAL | Q83: =SUM(Q61:Q82) -> 0 | R83: =O83+Q83 -> 0
H84: CALCULATIONS - RLT-7
N86: AE/ASHORE | P86: AFOE
N87: QTY OF UNIT | O87: TOTAL | P87: QTY OF UNIT | Q87: TOTAL | R87: OVERALL
H88: DIV HQ | I88: 90 | J88: 252 | K88: 10 | L88: 36 | M88: 388 | N88: 0 | O88: =M88*N88 -> 0 | P88: 0 | Q88: =M88*P88 -> 0 | R88: =O88+Q88 -> 0
H89: DIV HQBN | I89: 36 | J89: 572 | K89: 3 | L89: 24 | M89: 635 | N89: 0 | O89: =M89*N89 -> 0 | P89: 0 | Q89: =M89*P89 -> 0 | R89: =O89+Q89 -> 0
H90: INF REGT | I90: 170 | J90: 2878 | K90: 14 | L90: 225 | M90: 3287 | N90: 0 | O90: =M90*N90 -> 0 | P90: 0 | Q90: =M90*P90 -> 0 | R90: =O90+Q90 -> 0
H91: IN REGT HQ CO | I91: 31 | J91: 217 | K91: 5 | L91: 25 | M91: =I91+J91+K91+L91 -> 278 | N91: 0 | O91: =M91*N91 -> 0 | P91: 0 | Q91: =M91*P91 -> 0 | R91: =O91+Q91 -> 0
H92: INF BN | I92: 45 | J92: 849 | K92: 3 | L92: 66 | M92: 963 | N92: 0 | O92: =M92*N92 -> 0 | P92: 0 | Q92: =M92*P92 -> 0 | R92: =O92+Q92 -> 0
H93: ARTY REGT HQ | I93: 27 | J93: 346 | K93: 3 | L93: 7 | M93: =I93+J93+K93+L93 -> 383 | N93: 0 | O93: =M93*N93 -> 0 | P93: 0 | Q93: =M93*P93 -> 0 | R93: =O93+Q93 -> 0
H94: ARTY BN | I94: 51 | J94: 585 | K94: 5 | L94: 13 | M94: 654 | N94: 0 | O94: =M94*N94 -> 0 | P94: 0 | Q94: =M94*P94 -> 0 | R94: =O94+Q94 -> 0
H95: ARTY BATTERY | I95: 6 | J95: 129 | K95: 0 | L95: 3 | M95: =I95+J95+K95+L95 -> 138 | N95: 0 | O95: =M95*N95 -> 0 | P95: 0 | Q95: =M95*P95 -> 0 | R95: =O95+Q95 -> 0
H96: 3D RECON | I96: 31 | J96: 360 | K96: 2 | L96: 18 | M96: 411 | N96: 0 | O96: =M96*N96 -> 0 | P96: 0 | Q96: =M96*P96 -> 0 | R96: =O96+Q96 -> 0
H97: RECON CO | I97: 3 | J97: 46 | K97: 0 | L97: 2 | M97: 51 | N97: 0 | O97: =M97*N97 -> 0 | P97: 0 | Q97: =M97*P97 -> 0 | R97: =O97+Q97 -> 0
H98: CAB | I98: 33 | J98: 497 | K98: 3 | L98: 26 | M98: 559 | N98: 0 | O98: =M98*N98 -> 0 | P98: 0 | Q98: =M98*P98 -> 0 | R98: =O98+Q98 -> 0
H99: 1ST CEB | I99: 41 | J99: 859 | K99: 2 | L99: 26 | M99: 928 | N99: 0 | O99: =M99*N99 -> 0 | P99: 0 | Q99: =M99*P99 -> 0 | R99: =O99+Q99 -> 0
H100: CBT ENG CO | I100: 5 | J100: 109 | K100: 0 | L100: 0 | M100: 114 | N100: 0 | O100: =M100*N100 -> 0 | P100: 0 | Q100: =M100*P100 -> 0 | R100: =O100+Q100 -> 0
H101: 1ST TANKS | I101: 48 | J101: 735 | K101: 2 | L101: 31 | M101: 816 | N101: 0 | O101: =M101*N101 -> 0 | P101: 0 | Q101: =M101*P101 -> 0 | R101: =O101+Q101 -> 0
H102: TANK CO | I102: 5 | J102: 81 | K102: 0 | L102: 0 | M102: =SUM(I102:L102) -> 86 | N102: 0 | O102: =M102*N102 -> 0 | P102: 0 | Q102: =M102*P102 -> 0 | R102: =O102+Q102 -> 0
...

Sheet CL V SUM (UNCLASS)
A1: UNIT TYPE | B1: COMBAT LD (PALLETS) | C1: CL LBS | D1: CL ST | E1: ASLT RATE (PALLETS) | F1: ASLT LBS | G1: ASLT ST | H1: SUST RATE (PALLETS) | I1: SUST LBS | J1: SUST ST
A2: DIV HQ | B2: 21.29 | C2: 40445.2 | D2: =C2/2000 -> 20.2226 | E2: 1.5 | F2: 2910.41 | G2: =F2/2000 -> 1.455205 | H2: 0.53 | I2: 447.45 | J2: =I2/2000 -> 0.223725
A3: REGT HQ | B3: 12.26 | C3: 16368 | D3: =C3/2000 -> 8.184 | E3: 1.88 | F3: 1397.83 | G3: =F3/2000 -> 0.698915 | H3: 1.64 | I3: 800.38 | J3: =I3/2000 -> 0.40019
A4: INF BN | B4: 45.66 | C4: 64348.39 | D4: =C4/2000 -> 32.174195 | E4: 5.56 | F4: 7069.59 | G4: =F4/2000 -> 3.534795 | H4: 1.55 | I4: 1731.75 | J4: =I4/2000 -> 0.865875
A5: ARTY REGT HQ | D5: =C5/2000 -> 0 | G5: =F5/2000 -> 0 | J5: =I5/2000 -> 0
A6: ARTY BN | B6: 272.81 | C6: 366920.81 | D6: =C6/2000 -> 183.46041 | E6: 64.1 | F6: 93608.79 | G6: =F6/2000 -> 46.804395 | H6: 7.45 | I6: 12915.43 | J6: =I6/2000 -> 6.457715
A7: HIMAR BN | D7: =C7/2000 -> 0 | G7: =F7/2000 -> 0 | J7: =I7/2000 -> 0
A8: AAV BN | B8: 210.44 | C8: 505109.29 | D8: =C8/2000 -> 252.55465 | E8: 59.81 | F8: 119431.58 | G8: =F8/2000 -> 59.71579 | H8: 6.49 | I8: 11906.36 | J8: =I8/2000 -> 5.95318
A9: COMBAT ASLT BN | D9: =C9/2000 -> 0 | G9: =F9/2000 -> 0 | J9: =I9/2000 -> 0
A10: COMBAT ENG BN | B10: 223.52 | C10: 398027.2 | D10: =C10/2000 -> 199.0136 | E10: 105.2 | F10: 181984.2 | G10: =F10/2000 -> 90.9921 | H10: 15.97 | I10: 31341.46 | J10: =I10/2000 -> 15.67073
A11: LAR BN | B11: 87.19 | C11: 172144.78 | D11: =C11/2000 -> 86.07239 | E11: 12.85 | F11: 26190.93 | G11: =F11/2000 -> 13.095465 | H11: 2.45 | I11: 4003.43 | J11: =I11/2000 -> 2.001715
A12: TANK BN | B12: 142.82 | C12: 332153.01 | D12: =C12/2000 -> 166.0765 | E12: 14.69 | F12: 32729.37 | G12: =F12/2000 -> 16.364685 | H12: 14.69 | I12: 32729.37 | J12: =I12/2000 -> 16.364685
A13: RECON BN | B13: 210.44 | C13: 505109.29 | D13: =C13/2000 -> 252.55465 | E13: 59.81 | F13: 119431.58 | G13: =F13/2000 -> 59.71579 | H13: 6.49 | I13: 11906.36 | J13: =I13/2000 -> 5.95318
A14: LE BN | D14: =C14/2000 -> 0 | G14: =F14/2000 -> 0 | J14: =I14/2000 -> 0
A15: ARTY BATTERY | B15: 90.87 | C15: 115635.54 | D15: =C15/2000 -> 57.81777 | E15: 24.19 | F15: 32319.02 | G15: =F15/2000 -> 16.15951 | H15: 3.93 | I15: 4754.53 | J15: =I15/2000 -> 2.377265
A16: AAV COMPANY | D16: =C16/2000 -> 0 | G16: =F16/2000 -> 0 | J16: =I16/2000 -> 0
A17: LAR COMPANY | B17: 19.45 | C17: 37003.12 | D17: =C17/2000 -> 18.50156 | E17: 3.18 | F17: 6252.51 | G17: =F17/2000 -> 3.126255 | H17: 0.63 | I17: 1123.54 | J17: =I17/2000 -> 0.56177
A18: TANK COMPANY | B18: 29.58 | C18: 71513.93 | D18: =C18/2000 -> 35.756965 | E18: 3.26 | F18: 7297.11 | G18: =F18/2000 -> 3.648555 | H18: 0.31 | I18: 590.74 | J18: =I18/2000 -> 0.29537

Sheet RLT3 (UNCLASS)
A1: DIV-X | I1: EQUIPMENT SUMMARY AND STATISTICAL DATA | CX1: DATA SUPPORT… DO NOT TOUCH!!!
A2: GENERAL INFO: ALL TAMCN INFO BASED OF FY-18 T/ES IN TFSMS FOR ASSOCIATED UNIT TYPES. THIS SHEET FOCUSES ON III MEF UNITS AND I MEF ENABLERS (MOST NOTABLY 3D LAR WHICH POSSESES 4 COMPANIES). MPF DATA FROM BIC REGARDING MSC BREAK-OUT FOR MMC-12. ONLY MAKE CHANGES TO YELLOW "INPUT' BOXS. | I2: TAMCN | J2: NOMEN | K2: TYPE | L2: FY-18 TE | M2: MPF TOTAL | N2: MPSRON 3 | O2: MPSRON 2 | P2: ASSIGNED FROM MPSRON 3 | Q2: ASSIGNED FROM MPSRON 2 | R2: REMAINING MPS/E MPSRON 3 | S2: REMAINING MPS/E MPSRON 2 | T2: REMAINING MPS/E TOTAL | U2: TOTAL HOMESTATION REQ | V2: ECHELON APPORTIONMENT | W2: CEB | X2: AFOE | Y2: TOTAL | Z2: DIMENSIONAL DATA | AA2: AE EQUIPMENT SQFT | AB2: AFOE EQUIPMENT SQFT | AC2: AE EQUIPMENT CUBIC FEET | AD2: AFOE EQUIPMENT CUBIC FEET | AE2: AE GVW (COMBAT LOADED) | AF2: AFOE GVW (COMBAT LOADED) | AG2: FUEL CONSUMPTION | AH2: AE BINGO FUEL REQ | AI2: AFOE BING FUEL REQ | AJ2: AE FUEL REQ ASLT | AK2: AFOE FUEL REQ ASLT | AL2: AE FUEL REQ SUST | AM2: AFOE FUEL REQ SUST | AN2: TRANSPORTATION CAPACITY | AO2: AE CREW SEATS | AP2: AFOE CREW SEATS | AQ2: AE PAX SEATS | AR2: AFOE PAX SEATS | AS2: AE FUEL DIST | AT2: AFOE FUEL DIST | AU2: AE WATER DIST | AV2: AFOE WATER DIST | AW2: AE CARGO PAYLOAD (ST) | AX2: AFOE CARGO PAYLOAD (ST) | AY2: AE PALLETS/PALCON | AZ2: AFOE PALLETS/PALCON | BA2: AE SIXCON TRANSSPO | BB2: AFOE SIXCON TRANSSPO | BC2: AE QUADCON | BD2: AFOE QUADCON | BE2: AE ISOCON | BF2: AFOE ISOCON | BG2: AMMO | BH2: AE CCBT LOAD PALLET | BI2: AFOE CBT LOAD PALLET | BJ2: AE ASLT RATE PALLET | BK2: AFOE ASLT RATE PALLET | BL2: AE SUSTAIN RATE PALLET | BM2: AFOE SUSTAIN RATE PALLET | BN2: LANDING CRAFT | BO2: AE LCAC REQ | BP2: AFOE LCAC REQ | BQ2: AE TOTAL LCU | BR2: AFOE TOTAL LCU | BS2: . | CX2: DIV HQ | CY2: REGT HQ | CZ2: INF BN | DA2: ART REG | DB2: ARTY BN | DC2: HIMAR BN | DD2: AAV | DE2: CAB | DF2: CEB | DG2: LAR | DH2: TANK | DI2: RECON | DJ2: OTHER | DK2: . | DL2: ASLT ROM | DM2: ASLT OP HOURS | DN2: SUSTAIN ROM | DO2: SUSTAIN OP HOURS | DQ2: AE FUEL ASLT | DR2: AFOE FUEL ASLT | DS2: AE FUEL SUSTAIN | DT2: AFOE FUEL SUSTAIN
A3: INPUT SECTION | I3: A0067 | J3: MRC-148 (HF) (M1123 HMMWV ASSOICIATED) | K3: C2 VIC | L3: =(CX3*'EQUIP SUM (UNCLASS)'!M3)+(CY3*'EQUIP SUM (UNCLASS)'!N3)+(CZ3*'EQUIP SUM (UNCLASS)'!I3)+(DA3*'EQUIP SUM (UNCLASS)'!Q3)+(DB3*'EQUIP SUM (UNCLASS)'!E3)+(DC3*'EQUIP SUM (UNCLASS)'!H3)+(DD3*'EQUIP SUM (UNCLASS)'!D3)+(DE3*'EQUIP SUM (UNCLASS)'!F3)+(DF3*'EQUIP SUM (UNCLASS)'!G3)+(DG3*'EQUIP SUM (UNCLASS)'!J3)+(DH3*'EQUIP SUM (UNCLASS)'!L3)+(DI3*'EQUIP SUM (UNCLASS)'!K3)+(DJ3*'EQUIP SUM (UNCLASS)'!T3) -> 0 | M3: ='EQUIP SUM (UNCLASS)'!R3+'EQUIP SUM (UNCLASS)'!S3 -> 46 | N3: ='EQUIP SUM (UNCLASS)'!R3 -> 23 | O3: ='EQUIP SUM (UNCLASS)'!S3:S165 -> 23 | P3: 23 | Q3: 13 | R3: =N3-P3 -> 0 | S3: =O3-Q3 -> 10 | T3: =R3+S3 -> 10 | U3: =L3-P3-Q3 -> -36 | W3: 0 | X3: 0 | Y3: =W3+X3 -> 0 | AA3: =W3*'EQUIP SUM (UNCLASS)'!Z3 -> 0 | AB3: =X3*'EQUIP SUM (UNCLASS)'!Z3 -> 0 | AC3: =W3*'EQUIP SUM (UNCLASS)'!AA3 -> 0 | AD3: =X3*'EQUIP SUM (UNCLASS)'!AA3 -> 0 | AE3: =W3*'EQUIP SUM (UNCLASS)'!AB3 -> 0 | AF3: =X3*'EQUIP SUM (UNCLASS)'!AB3 -> 0 | AH3: =W3*'EQUIP SUM (UNCLASS)'!AC3 -> 0 | AI3: =X3*'EQUIP SUM (UNCLASS)'!AC3 -> 0 | AJ3: =W3*DQ3 -> 0 | AK3: =X3*DR3 -> 0 | AL3: =W3*DS3 -> 0 | AM3: =X3*DT3 -> 0 | AO3: =W3*'EQUIP SUM (UNCLASS)'!AE3 -> 0 | AP3: =X3*'EQUIP SUM (UNCLASS)'!AE3 -> 0 | AQ3: =W3*'EQUIP SUM (UNCLASS)'!AF3 -> 0 | AR3: =X3*'EQUIP SUM (UNCLASS)'!AF3 -> 0 | AS3: =W3*'EQUIP SUM (UNCLASS)'!AG3 -> 0 | AT3: =X3*'EQUIP SUM (UNCLASS)'!AG3 -> 0 | AU3: =W3*'EQUIP SUM (UNCLASS)'!AH3 -> 0 | AV3: =X3*'EQUIP SUM (UNCLASS)'!AH3 -> 0 | AW3: =W3*'EQUIP SUM (UNCLASS)'!AI3/2000 -> 0 | AX3: =X3*'EQUIP SUM (UNCLASS)'!AI3/2000 -> 0 | AY3: =W3*'EQUIP SUM (UNCLASS)'!AJ3 -> 0 | AZ3: =X3*'EQUIP SUM (UNCLASS)'!AJ3 -> 0 | BA3: =W3*'EQUIP SUM (UNCLASS)'!AK3 -> 0 | BB3: =X3*'EQUIP SUM (UNCLASS)'!AK3 -> 0 | BC3: =W3*'EQUIP SUM (UNCLASS)'!AL3 -> 0 | BD3: =X3*'EQUIP SUM (UNCLASS)'!AL3 -> 0 | BE3: =W3*'EQUIP SUM (UNCLASS)'!AM3 -> 0 | BF3: =X3*'EQUIP SUM (UNCLASS)'!AM3 -> 0 | BH3: =Y3*'EQUIP SUM (UNCLASS)'!AO3 -> 0 | BI3: =Y3*'EQUIP SUM (UNCLASS)'!AP3 -> 0 | BJ3: =Y3*'EQUIP SUM (UNCLASS)'!AQ3 -> 0 | BK3: =Y3*'EQUIP SUM (UNCLASS)'!AR3 -> 0 | BL3: =Y3*'EQUIP SUM (UNCLASS)'!AS3 -> 0 | BM3: =Y3*'EQUIP SUM (UNCLASS)'!AT3 -> 0 | BO3: =W3*'EQUIP SUM (UNCLASS)'!AX3 -> 0 | BP3: =X3*'EQUIP SUM (UNCLASS)'!AX3 -> 0 | BQ3: =W3*'EQUIP SUM (UNCLASS)'!BB3 -> 0 | BR3: =X3*'EQUIP SUM (UNCLASS)'!BB3 -> 0 | CX3: =C5 -> 0 | CY3: =C6 -> 0 | CZ3: =C7 -> 0 | DA3: =C8 -> 0 | DB3: =C9 -> 0 | DC3: =C10 -> 0 | DD3: =C11 -> 0 | DE3: =C12 -> 0 | DF3: =C13 -> 0 | DG3: =C14 -> 0 | DH3: =C15 -> 0 | DI3: =C16 -> 0 | DJ3: =C17 -> 0 | DL3: =E9 -> 3 | DM3: =E10 -> 18 | DN3: =E11 -> 3 | DO3: =E12 -> 12 | DQ3: =DL3*DM3/'EQUIP SUM (UNCLASS)'!AD3 -> 4.9090909 | DR3: =DL3*DM3/'EQUIP SUM (UNCLASS)'!AD3 -> 4.9090909 | DS3: =DN3*DO3/'EQUIP SUM (UNCLASS)'!AD3 -> 3.2727273 | DT3: =DN3*DO3/'EQUIP SUM (UNCLASS)'!AD3 -> 3.2727273
I4: A0153 | J4: MRC-142 (MULTI CH) (M1123 HMMWV ASSOICIATED) | K4: C2 VIC | L4: =(CX4*'EQUIP SUM (UNCLASS)'!M4)+(CY4*'EQUIP SUM (UNCLASS)'!N4)+(CZ4*'EQUIP SUM (UNCLASS)'!I4)+(DA4*'EQUIP SUM (UNCLASS)'!Q4)+(DB4*'EQUIP SUM (UNCLASS)'!E4)+(DC4*'EQUIP SUM (UNCLASS)'!H4)+(DD4*'EQUIP SUM (UNCLASS)'!D4)+(DE4*'EQUIP SUM (UNCLASS)'!F4)+(DF4*'EQUIP SUM (UNCLASS)'!G4)+(DG4*'EQUIP SUM (UNCLASS)'!J4)+(DH4*'EQUIP SUM (UNCLASS)'!L4)+(DI4*'EQUIP SUM (UNCLASS)'!K4)+(DJ4*'EQUIP SUM (UNCLASS)'!T4) -> 0 | M4: ='EQUIP SUM (UNCLASS)'!R4+'EQUIP SUM (UNCLASS)'!S4 -> 10 | N4: ='EQUIP SUM (UNCLASS)'!R4 -> 5 | O4: ='EQUIP SUM (UNCLASS)'!S4:S166 -> 5 | P4: 4 | Q4: 0 | R4: =N4-P4 -> 1 | S4: =O4-Q4 -> 5 | T4: =R4+S4 -> 6 | U4: =L4-P4-Q4 -> -4 | W4: 0 | X4: 0 | Y4: =W4+X4 -> 0 | AA4: =W4*'EQUIP SUM (UNCLASS)'!Z4 -> 0 | AB4: =X4*'EQUIP SUM (UNCLASS)'!Z4 -> 0 | AC4: =W4*'EQUIP SUM (UNCLASS)'!AA4 -> 0 | AD4: =X4*'EQUIP SUM (UNCLASS)'!AA4 -> 0 | AE4: =W4*'EQUIP SUM (UNCLASS)'!AB4 -> 0 | AF4: =X4*'EQUIP SUM (UNCLASS)'!AB4 -> 0 | AH4: =W4*'EQUIP SUM (UNCLASS)'!AC4 -> 0 | AI4: =X4*'EQUIP SUM (UNCLASS)'!AC4 -> 0 | AJ4: =W4*DQ4 -> 0 | AK4: =X4*DR4 -> 0 | AL4: =W4*DS4 -> 0 | AM4: =X4*DT4 -> 0 | AO4: =W4*'EQUIP SUM (UNCLASS)'!AE4 -> 0 | AP4: =X4*'EQUIP SUM (UNCLASS)'!AE4 -> 0 | AQ4: =W4*'EQUIP SUM (UNCLASS)'!AF4 -> 0 | AR4: =X4*'EQUIP SUM (UNCLASS)'!AF4 -> 0 | AS4: =W4*'EQUIP SUM (UNCLASS)'!AG4 -> 0 | AT4: =X4*'EQUIP SUM (UNCLASS)'!AG4 -> 0 | AU4: =W4*'EQUIP SUM (UNCLASS)'!AH4 -> 0 | AV4: =X4*'EQUIP SUM (UNCLASS)'!AH4 -> 0 | AW4: =W4*'EQUIP SUM (UNCLASS)'!AI4/2000 -> 0 | AX4: =X4*'EQUIP SUM (UNCLASS)'!AI4/2000 -> 0 | AY4: =W4*'EQUIP SUM (UNCLASS)'!AJ4 -> 0 | AZ4: =X4*'EQUIP SUM (UNCLASS)'!AJ4 -> 0 | BA4: =W4*'EQUIP SUM (UNCLASS)'!AK4 -> 0 | BB4: =X4*'EQUIP SUM (UNCLASS)'!AK4 -> 0 | BC4: =W4*'EQUIP SUM (UNCLASS)'!AL4 -> 0 | BD4: =X4*'EQUIP SUM (UNCLASS)'!AL4 -> 0 | BE4: =W4*'EQUIP SUM (UNCLASS)'!AM4 -> 0 | BF4: =X4*'EQUIP SUM (UNCLASS)'!AM4 -> 0 | BH4: =Y4*'EQUIP SUM (UNCLASS)'!AO4 -> 0 | BI4: =Y4*'EQUIP SUM (UNCLASS)'!AP4 -> 0 | BJ4: =Y4*'EQUIP SUM (UNCLASS)'!AQ4 -> 0 | BK4: =Y4*'EQUIP SUM (UNCLASS)'!AR4 -> 0 | BL4: =Y4*'EQUIP SUM (UNCLASS)'!AS4 -> 0 | BM4: =Y4*'EQUIP SUM (UNCLASS)'!AT4 -> 0 | BO4: =W4*'EQUIP SUM (UNCLASS)'!AX4 -> 0 | BP4: =X4*'EQUIP SUM (UNCLASS)'!AX4 -> 0 | BQ4: =W4*'EQUIP SUM (UNCLASS)'!BB4 -> 0 | BR4: =X4*'EQUIP SUM (UNCLASS)'!BB4 -> 0 | CX4: =CX3 -> 0 | CY4: =CY3 -> 0 | CZ4: =CZ3 -> 0 | DA4: =DA3 -> 0 | DB4: =DB3 -> 0 | DC4: =DC3 -> 0 | DD4: =DD3 -> 0 | DE4: =DE3 -> 0 | ... DJ4: =DJ3 -> 0 | DL4: =DL3 -> 3 | DM4: =DM3 -> 18 | DN4: =DN3 -> 3 | DO4: =DO3 -> 12 | DQ4: =DL4*DM4/'EQUIP SUM (UNCLASS)'!AD4 -> 4.9090909 | DR4: =DL4*DM4/'EQUIP SUM (UNCLASS)'!AD4 -> 4.9090909 | DS4: =DN4*DO4/'EQUIP SUM (UNCLASS)'!AD4 -> 3.2727273 | DT4: =DN4*DO4/'EQUIP SUM (UNCLASS)'!AD4 -> 3.2727273
B5: DIV HQ | C5: 0 | D5: MANPOWER AE | E5: 0 | F5: MIN CL I W GAL (TEMP RLT) | G5: 2 | I5: A0403 | J5: MRC-145 (VHF RETRANS) (M1123 ASSOCIATED) | K5: C2 VIC | L5: =(CX5*'EQUIP SUM (UNCLASS)'!M5)+(CY5*'EQUIP SUM (UNCLASS)'!N5)+(CZ5*'EQUIP SUM (UNCLASS)'!I5)+(DA5*'EQUIP SUM (UNCLASS)'!Q5)+(DB5*'EQUIP SUM (UNCLASS)'!E5)+(DC5*'EQUIP SUM (UNCLASS)'!H5)+(DD5*'EQUIP SUM (UNCLASS)'!D5)+(DE5*'EQUIP SUM (UNCLASS)'!F5)+(DF5*'EQUIP SUM (UNCLASS)'!G5)+(DG5*'EQUIP SUM (UNCLASS)'!J5)+(DH5*'EQUIP SUM (UNCLASS)'!L5)+(DI5*'EQUIP SUM (UNCLASS)'!K5)+(DJ5*'EQUIP SUM (UNCLASS)'!T5) -> 0 | M5: ='EQUIP SUM (UNCLASS)'!R5+'EQUIP SUM (UNCLASS)'!S5 -> 0 | N5: ='EQUIP SUM (UNCLASS)'!R5 -> 0 | O5: ='EQUIP SUM (UNCLASS)'!S5:S167 -> 0 | P5: 0 | Q5: 0 | R5: =N5-P5 -> 0 | S5: =O5-Q5 -> 0 | T5: =R5+S5 -> 0 | U5: =L5-P5-Q5 -> 0 | W5: 0 | X5: 0 | Y5: =W5+X5 -> 0 | AA5: =W5*'EQUIP SUM (UNCLASS)'!Z5 -> 0 | AB5: =X5*'EQUIP SUM (UNCLASS)'!Z5 -> 0 | AC5: =W5*'EQUIP SUM (UNCLASS)'!AA5 -> 0 | AD5: =X5*'EQUIP SUM (UNCLASS)'!AA5 -> 0 | AE5: =W5*'EQUIP SUM (UNCLASS)'!AB5 -> 0 | AF5: =X5*'EQUIP SUM (UNCLASS)'!AB5 -> 0 | AH5: =W5*'EQUIP SUM (UNCLASS)'!AC5 -> 0 | AI5: =X5*'EQUIP SUM (UNCLASS)'!AC5 -> 0 | AJ5: =W5*DQ5 -> 0 | AK5: =X5*DR5 -> 0 | AL5: =W5*DS5 -> 0 | AM5: =X5*DT5 -> 0 | AO5: =W5*'EQUIP SUM (UNCLASS)'!AE5 -> 0 | AP5: =X5*'EQUIP SUM (UNCLASS)'!AE5 -> 0 | AQ5: =W5*'EQUIP SUM (UNCLASS)'!AF5 -> 0 | AR5: =X5*'EQUIP SUM (UNCLASS)'!AF5 -> 0 | AS5: =W5*'EQUIP SUM (UNCLASS)'!AG5 -> 0 | AT5: =X5*'EQUIP SUM (UNCLASS)'!AG5 -> 0 | AU5: =W5*'EQUIP SUM (UNCLASS)'!AH5 -> 0 | AV5: =X5*'EQUIP SUM (UNCLASS)'!AH5 -> 0 | AW5: =W5*'EQUIP SUM (UNCLASS)'!AI5/2000 -> 0 | AX5: =X5*'EQUIP SUM (UNCLASS)'!AI5/2000 -> 0 | AY5: =W5*'EQUIP SUM (UNCLASS)'!AJ5 -> 0 | AZ5: =X5*'EQUIP SUM (UNCLASS)'!AJ5 -> 0 | BA5: =W5*'EQUIP SUM (UNCLASS)'!AK5 -> 0 | BB5: =X5*'EQUIP SUM (UNCLASS)'!AK5 -> 0 | BC5: =W5*'EQUIP SUM (UNCLASS)'!AL5 -> 0 | BD5: =X5*'EQUIP SUM (UNCLASS)'!AL5 -> 0 | BE5: =W5*'EQUIP SUM (UNCLASS)'!AM5 -> 0 | BF5: =X5*'EQUIP SUM (UNCLASS)'!AM5 -> 0 | BH5: =Y5*'EQUIP SUM (UNCLASS)'!AO5 -> 0 | BI5: =Y5*'EQUIP SUM (UNCLASS)'!AP5 -> 0 | BJ5: =Y5*'EQUIP SUM (UNCLASS)'!AQ5 -> 0 | BK5: =Y5*'EQUIP SUM (UNCLASS)'!AR5 -> 0 | BL5: =Y5*'EQUIP SUM (UNCLASS)'!AS5 -> 0 | BM5: =Y5*'EQUIP SUM (UNCLASS)'!AT5 -> 0 | BO5: =W5*'EQUIP SUM (UNCLASS)'!AX5 -> 0 | BP5: =X5*'EQUIP SUM (UNCLASS)'!AX5 -> 0 | BQ5: =W5*'EQUIP SUM (UNCLASS)'!BB5 -> 0 | BR5: =X5*'EQUIP SUM (UNCLASS)'!BB5 -> 0 | CX5: =CX3 -> 0 | CY5: =CY3 -> 0 | CZ5: =CZ3 -> 0 | DA5: =DA3 -> 0 | DB5: =DB3 -> 0 | DC5: =DC3 -> 0 | DD5: =DD3 -> 0 | DE5: =DE3 -> 0 | ... DJ5: =DJ3 -> 0 | DL5: =DL4 -> 3 | DM5: =DM4 -> 18 | DN5: =DN4 -> 3 | DO5: =DO4 -> 12 | DQ5: =DL5*DM5/'EQUIP SUM (UNCLASS)'!AD5 -> 4.9090909 | DR5: =DL5*DM5/'EQUIP SUM (UNCLASS)'!AD5 -> 4.9090909 | DS5: =DN5*DO5/'EQUIP SUM (UNCLASS)'!AD5 -> 3.2727273 | DT5: =DN5*DO5/'EQUIP SUM (UNCLASS)'!AD5 -> 3.2727273
B6: REGT HQ | C6: 0 | D6: MANPOWER AFOE | E6: 0 | F6: SUST CL I W GAL (TEMP RLT) | G6: 7 | I6: A1957 | J6: MRC-145 (VHF RETRANS (M1123 ASSOCIATED) | K6: C2 VIC | L6: =(CX6*'EQUIP SUM (UNCLASS)'!M6)+(CY6*'EQUIP SUM (UNCLASS)'!N6)+(CZ6*'EQUIP SUM (UNCLASS)'!I6)+(DA6*'EQUIP SUM (UNCLASS)'!Q6)+(DB6*'EQUIP SUM (UNCLASS)'!E6)+(DC6*'EQUIP SUM (UNCLASS)'!H6)+(DD6*'EQUIP SUM (UNCLASS)'!D6)+(DE6*'EQUIP SUM (UNCLASS)'!F6)+(DF6*'EQUIP SUM (UNCLASS)'!G6)+(DG6*'EQUIP SUM (UNCLASS)'!J6)+(DH6*'EQUIP SUM (UNCLASS)'!L6)+(DI6*'EQUIP SUM (UNCLASS)'!K6)+(DJ6*'EQUIP SUM (UNCLASS)'!T6) -> 0 | M6: ='EQUIP SUM (UNCLASS)'!R6+'EQUIP SUM (UNCLASS)'!S6 -> 106 | N6: ='EQUIP SUM (UNCLASS)'!R6 -> 53 | O6: ='EQUIP SUM (UNCLASS)'!S6:S168 -> 53 | P6: 53 | Q6: 16 | R6: =N6-P6 -> 0 | S6: =O6-Q6 -> 37 | T6: =R6+S6 -> 37 | U6: =L6-P6-Q6 -> -69 | W6: 0 | X6: 0 | Y6: =W6+X6 -> 0 | AA6: =W6*'EQUIP SUM (UNCLASS)'!Z6 -> 0 | AB6: =X6*'EQUIP SUM (UNCLASS)'!Z6 -> 0 | AC6: =W6*'EQUIP SUM (UNCLASS)'!AA6 -> 0 | AD6: =X6*'EQUIP SUM (UNCLASS)'!AA6 -> 0 | AE6: =W6*'EQUIP SUM (UNCLASS)'!AB6 -> 0 | AF6: =X6*'EQUIP SUM (UNCLASS)'!AB6 -> 0 | AH6: =W6*'EQUIP SUM (UNCLASS)'!AC6 -> 0 | AI6: =X6*'EQUIP SUM (UNCLASS)'!AC6 -> 0 | AJ6: =W6*DQ6 -> 0 | AK6: =X6*DR6 -> 0 | AL6: =W6*DS6 -> 0 | AM6: =X6*DT6 -> 0 | AO6: =W6*'EQUIP SUM (UNCLASS)'!AE6 -> 0 | AP6: =X6*'EQUIP SUM (UNCLASS)'!AE6 -> 0 | AQ6: =W6*'EQUIP SUM (UNCLASS)'!AF6 -> 0 | AR6: =X6*'EQUIP SUM (UNCLASS)'!AF6 -> 0 | AS6: =W6*'EQUIP SUM (UNCLASS)'!AG6 -> 0 | AT6: =X6*'EQUIP SUM (UNCLASS)'!AG6 -> 0 | AU6: =W6*'EQUIP SUM (UNCLASS)'!AH6 -> 0 | AV6: =X6*'EQUIP SUM (UNCLASS)'!AH6 -> 0 | AW6: =W6*'EQUIP SUM (UNCLASS)'!AI6/2000 -> 0 | AX6: =X6*'EQUIP SUM (UNCLASS)'!AI6/2000 -> 0 | AY6: =W6*'EQUIP SUM (UNCLASS)'!AJ6 -> 0 | AZ6: =X6*'EQUIP SUM (UNCLASS)'!AJ6 -> 0 | BA6: =W6*'EQUIP SUM (UNCLASS)'!AK6 -> 0 | BB6: =X6*'EQUIP SUM (UNCLASS)'!AK6 -> 0 | BC6: =W6*'EQUIP SUM (UNCLASS)'!AL6 -> 0 | BD6: =X6*'EQUIP SUM (UNCLASS)'!AL6 -> 0 | BE6: =W6*'EQUIP SUM (UNCLASS)'!AM6 -> 0 | BF6: =X6*'EQUIP SUM (UNCLASS)'!AM6 -> 0 | BH6: =Y6*'EQUIP SUM (UNCLASS)'!AO6 -> 0 | BI6: =Y6*'EQUIP SUM (UNCLASS)'!AP6 -> 0 | BJ6: =Y6*'EQUIP SUM (UNCLASS)'!AQ6 -> 0 | BK6: =Y6*'EQUIP SUM (UNCLASS)'!AR6 -> 0 | BL6: =Y6*'EQUIP SUM (UNCLASS)'!AS6 -> 0 | BM6: =Y6*'EQUIP SUM (UNCLASS)'!AT6 -> 0 | BO6: =W6*'EQUIP SUM (UNCLASS)'!AX6 -> 0 | BP6: =X6*'EQUIP SUM (UNCLASS)'!AX6 -> 0 | BQ6: =W6*'EQUIP SUM (UNCLASS)'!BB6 -> 0 | BR6: =X6*'EQUIP SUM (UNCLASS)'!BB6 -> 0 | CX6: =CX5 -> 0 | CY6: =CY5 -> 0 | CZ6: =CZ5 -> 0 | DA6: =DA5 -> 0 | DB6: =DB5 -> 0 | DC6: =DC5 -> 0 | DD6: =DD5 -> 0 | DE6: =DE5 -> 0 | ... DJ6: =DJ5 -> 0 | DL6: =DL5 -> 3 | DM6: =DM5 -> 18 | DN6: =DN5 -> 3 | DO6: =DO5 -> 12 | DQ6: =DL6*DM6/'EQUIP SUM (UNCLASS)'!AD6 -> 4.9090909 | DR6: =DL6*DM6/'EQUIP SUM (UNCLASS)'!AD6 -> 4.9090909 | DS6: =DN6*DO6/'EQUIP SUM (UNCLASS)'!AD6 -> 3.2727273 | DT6: =DN6*DO6/'EQUIP SUM (UNCLASS)'!AD6 -> 3.2727273
B7: INF BN | C7: 0 | D7: MANPOWER TOTAL | E7: =E5+E6 -> 0 | F7: CL II LBS PMD (NE ASIA) | G7: 13.59 | I7: A0457 | J7: JLTV MRC-145B (NOT DELIVERED YET) | K7: C2 VIC | L7: =(CX7*'EQUIP SUM (UNCLASS)'!M7)+(CY7*'EQUIP SUM (UNCLASS)'!N7)+(CZ7*'EQUIP SUM (UNCLASS)'!I7)+(DA7*'EQUIP SUM (UNCLASS)'!Q7)+(DB7*'EQUIP SUM (UNCLASS)'!E7)+(DC7*'EQUIP SUM (UNCLASS)'!H7)+(DD7*'EQUIP SUM (UNCLASS)'!D7)+(DE7*'EQUIP SUM (UNCLASS)'!F7)+(DF7*'EQUIP SUM (UNCLASS)'!G7)+(DG7*'EQUIP SUM (UNCLASS)'!J7)+(DH7*'EQUIP SUM (UNCLASS)'!L7)+(DI7*'EQUIP SUM (UNCLASS)'!K7)+(DJ7*'EQUIP SUM (UNCLASS)'!T7) -> 0 | M7: ='EQUIP SUM (UNCLASS)'!R7+'EQUIP SUM (UNCLASS)'!S7 -> 0 | N7: ='EQUIP SUM (UNCLASS)'!R7 -> 0 | O7: ='EQUIP SUM (UNCLASS)'!S7:S169 -> 0 | P7: 0 | Q7: 0 | R7: =N7-P7 -> 0 | S7: =O7-Q7 -> 0 | T7: =R7+S7 -> 0 | U7: =L7-P7-Q7 -> 0 | W7: 0 | X7: 0 | Y7: =W7+X7 -> 0 | AA7: =W7*'EQUIP SUM (UNCLASS)'!Z7 -> 0 | AB7: =X7*'EQUIP SUM (UNCLASS)'!Z7 -> 0 | AC7: =W7*'EQUIP SUM (UNCLASS)'!AA7 -> 0 | AD7: =X7*'EQUIP SUM (UNCLASS)'!AA7 -> 0 | AE7: =W7*'EQUIP SUM (UNCLASS)'!AB7 -> 0 | AF7: =X7*'EQUIP SUM (UNCLASS)'!AB7 -> 0 | AH7: =W7*'EQUIP SUM (UNCLASS)'!AC7 -> 0 | AI7: =X7*'EQUIP SUM (UNCLASS)'!AC7 -> 0 | AJ7: =W7*DQ7 -> 0 | AK7: =X7*DR7 -> 0 | AL7: =W7*DS7 -> 0 | AM7: =X7*DT7 -> 0 | AO7: =W7*'EQUIP SUM (UNCLASS)'!AE7 -> 0 | AP7: =X7*'EQUIP SUM (UNCLASS)'!AE7 -> 0 | AQ7: =W7*'EQUIP SUM (UNCLASS)'!AF7 -> 0 | AR7: =X7*'EQUIP SUM (UNCLASS)'!AF7 -> 0 | AS7: =W7*'EQUIP SUM (UNCLASS)'!AG7 -> 0 | AT7: =X7*'EQUIP SUM (UNCLASS)'!AG7 -> 0 | AU7: =W7*'EQUIP SUM (UNCLASS)'!AH7 -> 0 | AV7: =X7*'EQUIP SUM (UNCLASS)'!AH7 -> 0 | AW7: =W7*'EQUIP SUM (UNCLASS)'!AI7/2000 -> 0 | AX7: =X7*'EQUIP SUM (UNCLASS)'!AI7/2000 -> 0 | AY7: =W7*'EQUIP SUM (UNCLASS)'!AJ7 -> 0 | AZ7: =X7*'EQUIP SUM (UNCLASS)'!AJ7 -> 0 | BA7: =W7*'EQUIP SUM (UNCLASS)'!AK7 -> 0 | BB7: =X7*'EQUIP SUM (UNCLASS)'!AK7 -> 0 | BC7: =W7*'EQUIP SUM (UNCLASS)'!AL7 -> 0 | BD7: =X7*'EQUIP SUM (UNCLASS)'!AL7 -> 0 | BE7: =W7*'EQUIP SUM (UNCLASS)'!AM7 -> 0 | BF7: =X7*'EQUIP SUM (UNCLASS)'!AM7 -> 0 | BH7: =Y7*'EQUIP SUM (UNCLASS)'!AO7 -> 0 | BI7: =Y7*'EQUIP SUM (UNCLASS)'!AP7 -> 0 | BJ7: =Y7*'EQUIP SUM (UNCLASS)'!AQ7 -> 0 | BK7: =Y7*'EQUIP SUM (UNCLASS)'!AR7 -> 0 | BL7: =Y7*'EQUIP SUM (UNCLASS)'!AS7 -> 0 | BM7: =Y7*'EQUIP SUM (UNCLASS)'!AT7 -> 0 | BO7: =W7*'EQUIP SUM (UNCLASS)'!AX7 -> 0 | BP7: =X7*'EQUIP SUM (UNCLASS)'!AX7 -> 0 | BQ7: =W7*'EQUIP SUM (UNCLASS)'!BB7 -> 0 | BR7: =X7*'EQUIP SUM (UNCLASS)'!BB7 -> 0 | CX7: =CX5 -> 0 | CY7: =CY5 -> 0 | CZ7: =CZ5 -> 0 | DA7: =DA5 -> 0 | DB7: =DB5 -> 0 | DC7: =DC5 -> 0 | DD7: =DD5 -> 0 | DE7: =DE5 -> 0 | ... DJ7: =DJ5 -> 0 | DL7: =DL6 -> 3 | DM7: =DM6 -> 18 | DN7: =DN6 -> 3 | DO7: =DO6 -> 12
B8: ARTY REGT HQ | C8: 0 | F8: CL IV LBS PMD (NE ASIA) | G8: 9.92 | I8: A0458 | J8: JLTV MRC-148 (NOT DELIVERED YET) | K8: C2 VIC | L8: =(CX8*'EQUIP SUM (UNCLASS)'!M8)+(CY8*'EQUIP SUM (UNCLASS)'!N8)+(CZ8*'EQUIP SUM (UNCLASS)'!I8)+(DA8*'EQUIP SUM (UNCLASS)'!Q8)+(DB8*'EQUIP SUM (UNCLASS)'!E8)+(DC8*'EQUIP SUM (UNCLASS)'!H8)+(DD8*'EQUIP SUM (UNCLASS)'!D8)+(DE8*'EQUIP SUM (UNCLASS)'!F8)+(DF8*'EQUIP SUM (UNCLASS)'!G8)+(DG8*'EQUIP SUM (UNCLASS)'!J8)+(DH8*'EQUIP SUM (UNCLASS)'!L8)+(DI8*'EQUIP SUM (UNCLASS)'!K8)+(DJ8*'EQUIP SUM (UNCLASS)'!T8) -> 0 | M8: ='EQUIP SUM (UNCLASS)'!R8+'EQUIP SUM (UNCLASS)'!S8 -> 0 | N8: ='EQUIP SUM (UNCLASS)'!R8 -> 0 | O8: ='EQUIP SUM (UNCLASS)'!S8:S170 -> 0 | P8: 0 | Q8: 0 | R8: =N8-P8 -> 0 | S8: =O8-Q8 -> 0 | T8: =R8+S8 -> 0 | U8: =L8-P8-Q8 -> 0 | W8: 0 | X8: 0 | Y8: =W8+X8 -> 0 | AA8: =W8*'EQUIP SUM (UNCLASS)'!Z8 -> 0 | AB8: =X8*'EQUIP SUM (UNCLASS)'!Z8 -> 0 | AC8: =W8*'EQUIP SUM (UNCLASS)'!AA8 -> 0 | AD8: =X8*'EQUIP SUM (UNCLASS)'!AA8 -> 0 | AE8: =W8*'EQUIP SUM (UNCLASS)'!AB8 -> 0 | AF8: =X8*'EQUIP SUM (UNCLASS)'!AB8 -> 0 | AH8: =W8*'EQUIP SUM (UNCLASS)'!AC8 -> 0 | AI8: =X8*'EQUIP SUM (UNCLASS)'!AC8 -> 0 | AJ8: =W8*DQ8 -> 0 | AK8: =X8*DR8 -> 0 | AL8: =W8*DS8 -> 0 | AM8: =X8*DT8 -> 0 | AO8: =W8*'EQUIP SUM (UNCLASS)'!AE8 -> 0 | AP8: =X8*'EQUIP SUM (UNCLASS)'!AE8 -> 0 | AQ8: =W8*'EQUIP SUM (UNCLASS)'!AF8 -> 0 | AR8: =X8*'EQUIP SUM (UNCLASS)'!AF8 -> 0 | AS8: =W8*'EQUIP SUM (UNCLASS)'!AG8 -> 0 | AT8: =X8*'EQUIP SUM (UNCLASS)'!AG8 -> 0 | AU8: =W8*'EQUIP SUM (UNCLASS)'!AH8 -> 0 | AV8: =X8*'EQUIP SUM (UNCLASS)'!AH8 -> 0 | AW8: =W8*'EQUIP SUM (UNCLASS)'!AI8/2000 -> 0 | AX8: =X8*'EQUIP SUM (UNCLASS)'!AI8/2000 -> 0 | AY8: =W8*'EQUIP SUM (UNCLASS)'!AJ8 -> 0 | AZ8: =X8*'EQUIP SUM (UNCLASS)'!AJ8 -> 0 | BA8: =W8*'EQUIP SUM (UNCLASS)'!AK8 -> 0 | BB8: =X8*'EQUIP SUM (UNCLASS)'!AK8 -> 0 | BC8: =W8*'EQUIP SUM (UNCLASS)'!AL8 -> 0 | BD8: =X8*'EQUIP SUM (UNCLASS)'!AL8 -> 0 | BE8: =W8*'EQUIP SUM (UNCLASS)'!AM8 -> 0 | BF8: =X8*'EQUIP SUM (UNCLASS)'!AM8 -> 0 | BH8: =Y8*'EQUIP SUM (UNCLASS)'!AO8 -> 0 | BI8: =Y8*'EQUIP SUM (UNCLASS)'!AP8 -> 0 | BJ8: =Y8*'EQUIP SUM (UNCLASS)'!AQ8 -> 0 | BK8: =Y8*'EQUIP SUM (UNCLASS)'!AR8 -> 0 | BL8: =Y8*'EQUIP SUM (UNCLASS)'!AS8 -> 0 | BM8: =Y8*'EQUIP SUM (UNCLASS)'!AT8 -> 0 | BO8: =W8*'EQUIP SUM (UNCLASS)'!AX8 -> 0 | BP8: =X8*'EQUIP SUM (UNCLASS)'!AX8 -> 0 | BQ8: =W8*'EQUIP SUM (UNCLASS)'!BB8 -> 0 | BR8: =X8*'EQUIP SUM (UNCLASS)'!BB8 -> 0 | CX8: =CX7 -> 0 | CY8: =CY7 -> 0 | CZ8: =CZ7 -> 0 | DA8: =DA7 -> 0 | DB8: =DB7 -> 0 | DC8: =DC7 -> 0 | DD8: =DD7 -> 0 | DE8: =DE7 -> 0 | ... DJ8: =DJ7 -> 0 | DL8: =DL7 -> 3 | DM8: =DM7 -> 18 | DN8: =DN7 -> 3 | DO8: =DO7 -> 12
B9: ARTY BN | C9: 0 | D9: ASLT ROM | E9: 3 | F9: CL VI LBS PMD (TEMPERATE) | G9: 2.06 | I9: B0035 | J9: BUFFALO 6x6 | K9: MRAP | L9: =(CX9*'EQUIP SUM (UNCLASS)'!M9)+(CY9*'EQUIP SUM (UNCLASS)'!N9)+(CZ9*'EQUIP SUM (UNCLASS)'!I9)+(DA9*'EQUIP SUM (UNCLASS)'!Q9)+(DB9*'EQUIP SUM (UNCLASS)'!E9)+(DC9*'EQUIP SUM (UNCLASS)'!H9)+(DD9*'EQUIP SUM (UNCLASS)'!D9)+(DE9*'EQUIP SUM (UNCLASS)'!F9)+(DF9*'EQUIP SUM (UNCLASS)'!G9)+(DG9*'EQUIP SUM (UNCLASS)'!J9)+(DH9*'EQUIP SUM (UNCLASS)'!L9)+(DI9*'EQUIP SUM (UNCLASS)'!K9)+(DJ9*'EQUIP SUM (UNCLASS)'!T9) -> 0 | M9: ='EQUIP SUM (UNCLASS)'!R9+'EQUIP SUM (UNCLASS)'!S9 -> 2 | N9: ='EQUIP SUM (UNCLASS)'!R9 -> 1 | O9: ='EQUIP SUM (UNCLASS)'!S9:S171 -> 1 | P9: 1 | Q9: 1 | R9: =N9-P9 -> 0 | S9: =O9-Q9 -> 0 | T9: =R9+S9 -> 0 | U9: =L9-P9-Q9 -> -2 | W9: 0 | X9: 0 | Y9: =W9+X9 -> 0 | AA9: =W9*'EQUIP SUM (UNCLASS)'!Z9 -> 0 | AB9: =X9*'EQUIP SUM (UNCLASS)'!Z9 -> 0 | AC9: =W9*'EQUIP SUM (UNCLASS)'!AA9 -> 0 | AD9: =X9*'EQUIP SUM (UNCLASS)'!AA9 -> 0 | AE9: =W9*'EQUIP SUM (UNCLASS)'!AB9 -> 0 | AF9: =X9*'EQUIP SUM (UNCLASS)'!AB9 -> 0 | AH9: =W9*'EQUIP SUM (UNCLASS)'!AC9 -> 0 | AI9: =X9*'EQUIP SUM (UNCLASS)'!AC9 -> 0 | AJ9: =W9*DQ9 -> 0 | AK9: =X9*DR9 -> 0 | AL9: =W9*DS9 -> 0 | AM9: =X9*DT9 -> 0 | AO9: =W9*'EQUIP SUM (UNCLASS)'!AE9 -> 0 | AP9: =X9*'EQUIP SUM (UNCLASS)'!AE9 -> 0 | AQ9: =W9*'EQUIP SUM (UNCLASS)'!AF9 -> 0 | AR9: =X9*'EQUIP SUM (UNCLASS)'!AF9 -> 0 | AS9: =W9*'EQUIP SUM (UNCLASS)'!AG9 -> 0 | AT9: =X9*'EQUIP SUM (UNCLASS)'!AG9 -> 0 | AU9: =W9*'EQUIP SUM (UNCLASS)'!AH9 -> 0 | AV9: =X9*'EQUIP SUM (UNCLASS)'!AH9 -> 0 | AW9: =W9*'EQUIP SUM (UNCLASS)'!AI9/2000 -> 0 | AX9: =X9*'EQUIP SUM (UNCLASS)'!AI9/2000 -> 0 | AY9: =W9*'EQUIP SUM (UNCLASS)'!AJ9 -> 0 | AZ9: =X9*'EQUIP SUM (UNCLASS)'!AJ9 -> 0 | BA9: =W9*'EQUIP SUM (UNCLASS)'!AK9 -> 0 | BB9: =X9*'EQUIP SUM (UNCLASS)'!AK9 -> 0 | BC9: =W9*'EQUIP SUM (UNCLASS)'!AL9 -> 0 | BD9: =X9*'EQUIP SUM (UNCLASS)'!AL9 -> 0 | BE9: =W9*'EQUIP SUM (UNCLASS)'!AM9 -> 0 | BF9: =X9*'EQUIP SUM (UNCLASS)'!AM9 -> 0 | BH9: =Y9*'EQUIP SUM (UNCLASS)'!AO9 -> 0 | BI9: =Y9*'EQUIP SUM (UNCLASS)'!AP9 -> 0 | BJ9: =Y9*'EQUIP SUM (UNCLASS)'!AQ9 -> 0 | BK9: =Y9*'EQUIP SUM (UNCLASS)'!AR9 -> 0 | BL9: =Y9*'EQUIP SUM (UNCLASS)'!AS9 -> 0 | BM9: =Y9*'EQUIP SUM (UNCLASS)'!AT9 -> 0 | BO9: =W9*'EQUIP SUM (UNCLASS)'!AX9 -> 0 | BP9: =X9*'EQUIP SUM (UNCLASS)'!AX9 -> 0 | BQ9: =W9*'EQUIP SUM (UNCLASS)'!BB9 -> 0 | BR9: =X9*'EQUIP SUM (UNCLASS)'!BB9 -> 0 | CX9: =CX7 -> 0 | CY9: =CY7 -> 0 | CZ9: =CZ7 -> 0 | DA9: =DA7 -> 0 | DB9: =DB7 -> 0 | DC9: =DC7 -> 0 | DD9: =DD7 -> 0 | DE9: =DE7 -> 0 | ... DJ9: =DJ7 -> 0 | DL9: =DL8 -> 3 | DM9: =DM8 -> 18 | DN9: =DN8 -> 3 | DO9: =DO8 -> 12 | DQ9: =DL9*DM9/'EQUIP SUM (UNCLASS)'!AD9 -> 14.210526 | DR9: =DL9*DM9/'EQUIP SUM (UNCLASS)'!AD9 -> 14.210526 | DS9: =DN9*DO9/'EQUIP SUM (UNCLASS)'!AD9 -> 9.4736842 | DT9: =DN9*DO9/'EQUIP SUM (UNCLASS)'!AD9 -> 9.4736842
B10: HIMAR BN | C10: 0 | D10: ASLT OP HOURS | E10: 18 | F10: CL VIII LBS PMD (NE ASIA) | G10: 1.1 | I10: B0036 | J10: GRND EXP REFUEL SYSTEM, MED (GERS-M) | K10: FUEL | L10: =(CX10*'EQUIP SUM (UNCLASS)'!M10)+(CY10*'EQUIP SUM (UNCLASS)'!N10)+(CZ10*'EQUIP SUM (UNCLASS)'!I10)+(DA10*'EQUIP SUM (UNCLASS)'!Q10)+(DB10*'EQUIP SUM (UNCLASS)'!E10)+(DC10*'EQUIP SUM (UNCLASS)'!H10)+(DD10*'EQUIP SUM (UNCLASS)'!D10)+(DE10*'EQUIP SUM (UNCLASS)'!F10)+(DF10*'EQUIP SUM (UNCLASS)'!G10)+(DG10*'EQUIP SUM (UNCLASS)'!J10)+(DH10*'EQUIP SUM (UNCLASS)'!L10)+(DI10*'EQUIP SUM (UNCLASS)'!K10)+(DJ10*'EQUIP SUM (UNCLASS)'!T10) -> 0 | M10: ='EQUIP SUM (UNCLASS)'!R10+'EQUIP SUM (UNCLASS)'!S10 -> 8 | N10: ='EQUIP SUM (UNCLASS)'!R10 -> 4 | O10: ='EQUIP SUM (UNCLASS)'!S10:S172 -> 4 | P10: 4 | Q10: 4 | R10: =N10-P10 -> 0 | S10: =O10-Q10 -> 0 | T10: =R10+S10 -> 0 | U10: =L10-P10-Q10 -> -8 | W10: 0 | X10: 0 | Y10: =W10+X10 -> 0 | AA10: =W10*'EQUIP SUM (UNCLASS)'!Z10 -> 0 | AB10: =X10*'EQUIP SUM (UNCLASS)'!Z10 -> 0 | AC10: =W10*'EQUIP SUM (UNCLASS)'!AA10 -> 0 | AD10: =X10*'EQUIP SUM (UNCLASS)'!AA10 -> 0 | AE10: =W10*'EQUIP SUM (UNCLASS)'!AB10 -> 0 | AF10: =X10*'EQUIP SUM (UNCLASS)'!AB10 -> 0 | AH10: =W10*'EQUIP SUM (UNCLASS)'!AC10 -> 0 | AI10: =X10*'EQUIP SUM (UNCLASS)'!AC10 -> 0 | AJ10: =W10*DQ10 -> 0 | AK10: =X10*DR10 -> 0 | AL10: =W10*DS10 -> 0 | AM10: =X10*DT10 -> 0 | AO10: =W10*'EQUIP SUM (UNCLASS)'!AE10 -> 0 | AP10: =X10*'EQUIP SUM (UNCLASS)'!AE10 -> 0 | AQ10: =W10*'EQUIP SUM (UNCLASS)'!AF10 -> 0 | AR10: =X10*'EQUIP SUM (UNCLASS)'!AF10 -> 0 | AS10: =W10*'EQUIP SUM (UNCLASS)'!AG10 -> 0 | AT10: =X10*'EQUIP SUM (UNCLASS)'!AG10 -> 0 | AU10: =W10*'EQUIP SUM (UNCLASS)'!AH10 -> 0 | AV10: =X10*'EQUIP SUM (UNCLASS)'!AH10 -> 0 | AW10: =W10*'EQUIP SUM (UNCLASS)'!AI10/2000 -> 0 | AX10: =X10*'EQUIP SUM (UNCLASS)'!AI10/2000 -> 0 | AY10: =W10*'EQUIP SUM (UNCLASS)'!AJ10 -> 0 | AZ10: =X10*'EQUIP SUM (UNCLASS)'!AJ10 -> 0 | BA10: =W10*'EQUIP SUM (UNCLASS)'!AK10 -> 0 | BB10: =X10*'EQUIP SUM (UNCLASS)'!AK10 -> 0 | BC10: =W10*'EQUIP SUM (UNCLASS)'!AL10 -> 0 | BD10: =X10*'EQUIP SUM (UNCLASS)'!AL10 -> 0 | BE10: =W10*'EQUIP SUM (UNCLASS)'!AM10 -> 0 | BF10: =X10*'EQUIP SUM (UNCLASS)'!AM10 -> 0 | BH10: =Y10*'EQUIP SUM (UNCLASS)'!AO10 -> 0 | BI10: =Y10*'EQUIP SUM (UNCLASS)'!AP10 -> 0 | BJ10: =Y10*'EQUIP SUM (UNCLASS)'!AQ10 -> 0 | BK10: =Y10*'EQUIP SUM (UNCLASS)'!AR10 -> 0 | BL10: =Y10*'EQUIP SUM (UNCLASS)'!AS10 -> 0 | BM10: =Y10*'EQUIP SUM (UNCLASS)'!AT10 -> 0 | BO10: =W10*'EQUIP SUM (UNCLASS)'!AX10 -> 0 | BP10: =X10*'EQUIP SUM (UNCLASS)'!AX10 -> 0 | BQ10: =W10*'EQUIP SUM (UNCLASS)'!BB10 -> 0 | BR10: =X10*'EQUIP SUM (UNCLASS)'!BB10 -> 0 | CX10: =CX9 -> 0 | CY10: =CY9 -> 0 | CZ10: =CZ9 -> 0 | DA10: =DA9 -> 0 | DB10: =DB9 -> 0 | DC10: =DC9 -> 0 | DD10: =DD9 -> 0 | DE10: =DE9 -> 0 | ... DJ10: =DJ9 -> 0 | DL10: =DL9 -> 3 | DM10: =DM9 -> 18 | DN10: =DN9 -> 3 | DO10: =DO9 -> 12
B11: AAV BN | C11: 0 | D11: SUSTAIN ROM | E11: 3 | I11: B0037 | J11: GRND EXP REFUEL SYSTEM, SMALL (GERS-S) | K11: FUEL | L11: =(CX11*'EQUIP SUM (UNCLASS)'!M11)+(CY11*'EQUIP SUM (UNCLASS)'!N11)+(CZ11*'EQUIP SUM (UNCLASS)'!I11)+(DA11*'EQUIP SUM (UNCLASS)'!Q11)+(DB11*'EQUIP SUM (UNCLASS)'!E11)+(DC11*'EQUIP SUM (UNCLASS)'!H11)+(DD11*'EQUIP SUM (UNCLASS)'!D11)+(DE11*'EQUIP SUM (UNCLASS)'!F11)+(DF11*'EQUIP SUM (UNCLASS)'!G11)+(DG11*'EQUIP SUM (UNCLASS)'!J11)+(DH11*'EQUIP SUM (UNCLASS)'!L11)+(DI11*'EQUIP SUM (UNCLASS)'!K11)+(DJ11*'EQUIP SUM (UNCLASS)'!T11) -> 0 | M11: ='EQUIP SUM (UNCLASS)'!R11+'EQUIP SUM (UNCLASS)'!S11 -> 8 | N11: ='EQUIP SUM (UNCLASS)'!R11 -> 4 | O11: ='EQUIP SUM (UNCLASS)'!S11:S173 -> 4 | P11: 4 | Q11: 4 | R11: =N11-P11 -> 0 | S11: =O11-Q11 -> 0 | T11: =R11+S11 -> 0 | U11: =L11-P11-Q11 -> -8 | W11: 0 | X11: 0 | Y11: =W11+X11 -> 0 | AA11: =W11*'EQUIP SUM (UNCLASS)'!Z11 -> 0 | AB11: =X11*'EQUIP SUM (UNCLASS)'!Z11 -> 0 | AC11: =W11*'EQUIP SUM (UNCLASS)'!AA11 -> 0 | AD11: =X11*'EQUIP SUM (UNCLASS)'!AA11 -> 0 | AE11: =W11*'EQUIP SUM (UNCLASS)'!AB11 -> 0 | AF11: =X11*'EQUIP SUM (UNCLASS)'!AB11 -> 0 | AH11: =W11*'EQUIP SUM (UNCLASS)'!AC11 -> 0 | AI11: =X11*'EQUIP SUM (UNCLASS)'!AC11 -> 0 | AJ11: =W11*DQ11 -> 0 | AK11: =X11*DR11 -> 0 | AL11: =W11*DS11 -> 0 | AM11: =X11*DT11 -> 0 | AO11: =W11*'EQUIP SUM (UNCLASS)'!AE11 -> 0 | AP11: =X11*'EQUIP SUM (UNCLASS)'!AE11 -> 0 | AQ11: =W11*'EQUIP SUM (UNCLASS)'!AF11 -> 0 | AR11: =X11*'EQUIP SUM (UNCLASS)'!AF11 -> 0 | AS11: =W11*'EQUIP SUM (UNCLASS)'!AG11 -> 0 | AT11: =X11*'EQUIP SUM (UNCLASS)'!AG11 -> 0 | AU11: =W11*'EQUIP SUM (UNCLASS)'!AH11 -> 0 | AV11: =X11*'EQUIP SUM (UNCLASS)'!AH11 -> 0 | AW11: =W11*'EQUIP SUM (UNCLASS)'!AI11/2000 -> 0 | AX11: =X11*'EQUIP SUM (UNCLASS)'!AI11/2000 -> 0 | AY11: =W11*'EQUIP SUM (UNCLASS)'!AJ11 -> 0 | AZ11: =X11*'EQUIP SUM (UNCLASS)'!AJ11 -> 0 | BA11: =W11*'EQUIP SUM (UNCLASS)'!AK11 -> 0 | BB11: =X11*'EQUIP SUM (UNCLASS)'!AK11 -> 0 | BC11: =W11*'EQUIP SUM (UNCLASS)'!AL11 -> 0 | BD11: =X11*'EQUIP SUM (UNCLASS)'!AL11 -> 0 | BE11: =W11*'EQUIP SUM (UNCLASS)'!AM11 -> 0 | BF11: =X11*'EQUIP SUM (UNCLASS)'!AM11 -> 0 | BH11: =Y11*'EQUIP SUM (UNCLASS)'!AO11 -> 0 | BI11: =Y11*'EQUIP SUM (UNCLASS)'!AP11 -> 0 | BJ11: =Y11*'EQUIP SUM (UNCLASS)'!AQ11 -> 0 | BK11: =Y11*'EQUIP SUM (UNCLASS)'!AR11 -> 0 | BL11: =Y11*'EQUIP SUM (UNCLASS)'!AS11 -> 0 | BM11: =Y11*'EQUIP SUM (UNCLASS)'!AT11 -> 0 | BO11: =W11*'EQUIP SUM (UNCLASS)'!AX11 -> 0 | BP11: =X11*'EQUIP SUM (UNCLASS)'!AX11 -> 0 | BQ11: =W11*'EQUIP SUM (UNCLASS)'!BB11 -> 0 | BR11: =X11*'EQUIP SUM (UNCLASS)'!BB11 -> 0 | CX11: =CX9 -> 0 | CY11: =CY9 -> 0 | CZ11: =CZ9 -> 0 | DA11: =DA9 -> 0 | DB11: =DB9 -> 0 | DC11: =DC9 -> 0 | DD11: =DD9 -> 0 | DE11: =DE9 -> 0 | ... DJ11: =DJ9 -> 0 | DL11: =DL10 -> 3 | DM11: =DM10 -> 18 | DN11: =DN10 -> 3 | DO11: =DO10 -> 12
B12: COMBAT ASLT BN | C12: 0 | D12: SUSTAIN OP HOURS | E12: 12 | F12: MIN CL I W GAL (TEMP RLT) | G12: 4.1 | I12: B0040 | J12: MULTI-TERRAIN LOADER (MTL) | K12: HE | L12: =(CX12*'EQUIP SUM (UNCLASS)'!M12)+(CY12*'EQUIP SUM (UNCLASS)'!N12)+(CZ12*'EQUIP SUM (UNCLASS)'!I12)+(DA12*'EQUIP SUM (UNCLASS)'!Q12)+(DB12*'EQUIP SUM (UNCLASS)'!E12)+(DC12*'EQUIP SUM (UNCLASS)'!H12)+(DD12*'EQUIP SUM (UNCLASS)'!D12)+(DE12*'EQUIP SUM (UNCLASS)'!F12)+(DF12*'EQUIP SUM (UNCLASS)'!G12)+(DG12*'EQUIP SUM (UNCLASS)'!J12)+(DH12*'EQUIP SUM (UNCLASS)'!L12)+(DI12*'EQUIP SUM (UNCLASS)'!K12)+(DJ12*'EQUIP SUM (UNCLASS)'!T12) -> 0 | M12: ='EQUIP SUM (UNCLASS)'!R12+'EQUIP SUM (UNCLASS)'!S12 -> 4 | N12: ='EQUIP SUM (UNCLASS)'!R12 -> 2 | O12: ='EQUIP SUM (UNCLASS)'!S12:S174 -> 2 | P12: 2 | Q12: 2 | R12: =N12-P12 -> 0 | S12: =O12-Q12 -> 0 | T12: =R12+S12 -> 0 | U12: =L12-P12-Q12 -> -4 | W12: 0 | X12: 0 | Y12: =W12+X12 -> 0 | AA12: =W12*'EQUIP SUM (UNCLASS)'!Z12 -> 0 | AB12: =X12*'EQUIP SUM (UNCLASS)'!Z12 -> 0 | AC12: =W12*'EQUIP SUM (UNCLASS)'!AA12 -> 0 | AD12: =X12*'EQUIP SUM (UNCLASS)'!AA12 -> 0 | AE12: =W12*'EQUIP SUM (UNCLASS)'!AB12 -> 0 | AF12: =X12*'EQUIP SUM (UNCLASS)'!AB12 -> 0 | AH12: =W12*'EQUIP SUM (UNCLASS)'!AC12 -> 0 | AI12: =X12*'EQUIP SUM (UNCLASS)'!AC12 -> 0 | AJ12: =W12*DQ12 -> 0 | AK12: =X12*DR12 -> 0 | AL12: =W12*DS12 -> 0 | AM12: =X12*DT12 -> 0 | AO12: =W12*'EQUIP SUM (UNCLASS)'!AE12 -> 0 | AP12: =X12*'EQUIP SUM (UNCLASS)'!AE12 -> 0 | AQ12: =W12*'EQUIP SUM (UNCLASS)'!AF12 -> 0 | AR12: =X12*'EQUIP SUM (UNCLASS)'!AF12 -> 0 | AS12: =W12*'EQUIP SUM (UNCLASS)'!AG12 -> 0 | AT12: =X12*'EQUIP SUM (UNCLASS)'!AG12 -> 0 | AU12: =W12*'EQUIP SUM (UNCLASS)'!AH12 -> 0 | AV12: =X12*'EQUIP SUM (UNCLASS)'!AH12 -> 0 | AW12: =W12*'EQUIP SUM (UNCLASS)'!AI12/2000 -> 0 | AX12: =X12*'EQUIP SUM (UNCLASS)'!AI12/2000 -> 0 | AY12: =W12*'EQUIP SUM (UNCLASS)'!AJ12 -> 0 | AZ12: =X12*'EQUIP SUM (UNCLASS)'!AJ12 -> 0 | BA12: =W12*'EQUIP SUM (UNCLASS)'!AK12 -> 0 | BB12: =X12*'EQUIP SUM (UNCLASS)'!AK12 -> 0 | BC12: =W12*'EQUIP SUM (UNCLASS)'!AL12 -> 0 | BD12: =X12*'EQUIP SUM (UNCLASS)'!AL12 -> 0 | BE12: =W12*'EQUIP SUM (UNCLASS)'!AM12 -> 0 | BF12: =X12*'EQUIP SUM (UNCLASS)'!AM12 -> 0 | BH12: =Y12*'EQUIP SUM (UNCLASS)'!AO12 -> 0 | BI12: =Y12*'EQUIP SUM (UNCLASS)'!AP12 -> 0 | BJ12: =Y12*'EQUIP SUM (UNCLASS)'!AQ12 -> 0 | BK12: =Y12*'EQUIP SUM (UNCLASS)'!AR12 -> 0 | BL12: =Y12*'EQUIP SUM (UNCLASS)'!AS12 -> 0 | BM12: =Y12*'EQUIP SUM (UNCLASS)'!AT12 -> 0 | BO12: =W12*'EQUIP SUM (UNCLASS)'!AX12 -> 0 | BP12: =X12*'EQUIP SUM (UNCLASS)'!AX12 -> 0 | BQ12: =W12*'EQUIP SUM (UNCLASS)'!BB12 -> 0 | BR12: =X12*'EQUIP SUM (UNCLASS)'!BB12 -> 0 | CX12: =CX11 -> 0 | CY12: =CY11 -> 0 | CZ12: =CZ11 -> 0 | DA12: =DA11 -> 0 | DB12: =DB11 -> 0 | DC12: =DC11 -> 0 | DD12: =DD11 -> 0 | DE12: =DE11 -> 0 | ... DJ12: =DJ11 -> 0 | DL12: =DL11 -> 3 | DM12: =DM11 -> 18 | DN12: =DN11 -> 3 | DO12: =DO11 -> 12 | DQ12: =DM12*'EQUIP SUM (UNCLASS)'!AD12 -> 54 | DR12: =DM12*'EQUIP SUM (UNCLASS)'!AD12 -> 54 | DS12: =DO12*'EQUIP SUM (UNCLASS)'!AD12 -> 36 | DT12: =DO12*'EQUIP SUM (UNCLASS)'!AD12 -> 36
B13: COMBAT ENG BN | C13: 0 | F13: SUST CL I W GAL (TEMP RLT) | G13: 7 | I13: B0043 | J13: GENERATOR 15KW MEP1050 | K13: UT | L13: =(CX13*'EQUIP SUM (UNCLASS)'!M13)+(CY13*'EQUIP SUM (UNCLASS)'!N13)+(CZ13*'EQUIP SUM (UNCLASS)'!I13)+(DA13*'EQUIP SUM (UNCLASS)'!Q13)+(DB13*'EQUIP SUM (UNCLASS)'!E13)+(DC13*'EQUIP SUM (UNCLASS)'!H13)+(DD13*'EQUIP SUM (UNCLASS)'!D13)+(DE13*'EQUIP SUM (UNCLASS)'!F13)+(DF13*'EQUIP SUM (UNCLASS)'!G13)+(DG13*'EQUIP SUM (UNCLASS)'!J13)+(DH13*'EQUIP SUM (UNCLASS)'!L13)+(DI13*'EQUIP SUM (UNCLASS)'!K13)+(DJ13*'EQUIP SUM (UNCLASS)'!T13) -> 0 | M13: ='EQUIP SUM (UNCLASS)'!R13+'EQUIP SUM (UNCLASS)'!S13 -> 11 | N13: ='EQUIP SUM (UNCLASS)'!R13 -> 0 | O13: ='EQUIP SUM (UNCLASS)'!S13:S175 -> 11 | P13: 0 | Q13: 11 | R13: =N13-P13 -> 0 | S13: =O13-Q13 -> 0 | T13: =R13+S13 -> 0 | U13: =L13-P13-Q13 -> -11 | W13: 0 | X13: 0 | Y13: =W13+X13 -> 0 | AA13: =W13*'EQUIP SUM (UNCLASS)'!Z13 -> 0 | AB13: =X13*'EQUIP SUM (UNCLASS)'!Z13 -> 0 | AC13: =W13*'EQUIP SUM (UNCLASS)'!AA13 -> 0 | AD13: =X13*'EQUIP SUM (UNCLASS)'!AA13 -> 0 | AE13: =W13*'EQUIP SUM (UNCLASS)'!AB13 -> 0 | AF13: =X13*'EQUIP SUM (UNCLASS)'!AB13 -> 0 | AH13: =W13*'EQUIP SUM (UNCLASS)'!AC13 -> 0 | AI13: =X13*'EQUIP SUM (UNCLASS)'!AC13 -> 0 | AJ13: =W13*DQ13 -> 0 | AK13: =X13*DR13 -> 0 | AL13: =W13*DS13 -> 0 | AM13: =X13*DT13 -> 0 | AO13: =W13*'EQUIP SUM (UNCLASS)'!AE13 -> 0 | AP13: =X13*'EQUIP SUM (UNCLASS)'!AE13 -> 0 | AQ13: =W13*'EQUIP SUM (UNCLASS)'!AF13 -> 0 | AR13: =X13*'EQUIP SUM (UNCLASS)'!AF13 -> 0 | AS13: =W13*'EQUIP SUM (UNCLASS)'!AG13 -> 0 | AT13: =X13*'EQUIP SUM (UNCLASS)'!AG13 -> 0 | AU13: =W13*'EQUIP SUM (UNCLASS)'!AH13 -> 0 | AV13: =X13*'EQUIP SUM (UNCLASS)'!AH13 -> 0 | AW13: =W13*'EQUIP SUM (UNCLASS)'!AI13/2000 -> 0 | AX13: =X13*'EQUIP SUM (UNCLASS)'!AI13/2000 -> 0 | AY13: =W13*'EQUIP SUM (UNCLASS)'!AJ13 -> 0 | AZ13: =X13*'EQUIP SUM (UNCLASS)'!AJ13 -> 0 | BA13: =W13*'EQUIP SUM (UNCLASS)'!AK13 -> 0 | BB13: =X13*'EQUIP SUM (UNCLASS)'!AK13 -> 0 | BC13: =W13*'EQUIP SUM (UNCLASS)'!AL13 -> 0 | BD13: =X13*'EQUIP SUM (UNCLASS)'!AL13 -> 0 | BE13: =W13*'EQUIP SUM (UNCLASS)'!AM13 -> 0 | BF13: =X13*'EQUIP SUM (UNCLASS)'!AM13 -> 0 | BH13: =Y13*'EQUIP SUM (UNCLASS)'!AO13 -> 0 | BI13: =Y13*'EQUIP SUM (UNCLASS)'!AP13 -> 0 | BJ13: =Y13*'EQUIP SUM (UNCLASS)'!AQ13 -> 0 | BK13: =Y13*'EQUIP SUM (UNCLASS)'!AR13 -> 0 | BL13: =Y13*'EQUIP SUM (UNCLASS)'!AS13 -> 0 | BM13: =Y13*'EQUIP SUM (UNCLASS)'!AT13 -> 0 | BO13: =W13*'EQUIP SUM (UNCLASS)'!AX13 -> 0 | BP13: =X13*'EQUIP SUM (UNCLASS)'!AX13 -> 0 | BQ13: =W13*'EQUIP SUM (UNCLASS)'!BB13 -> 0 | BR13: =X13*'EQUIP SUM (UNCLASS)'!BB13 -> 0 | CX13: =CX11 -> 0 | CY13: =CY11 -> 0 | CZ13: =CZ11 -> 0 | DA13: =DA11 -> 0 | DB13: =DB11 -> 0 | DC13: =DC11 -> 0 | DD13: =DD11 -> 0 | DE13: =DE11 -> 0 | ... DJ13: =DJ11 -> 0 | DL13: =DL12 -> 3 | DM13: =DM12 -> 18 | DN13: =DN12 -> 3 | DO13: =DO12 -> 12 | DQ13: =12*'EQUIP SUM (UNCLASS)'!AD13 -> 9.24 | DR13: =12*'EQUIP SUM (UNCLASS)'!AD13 -> 9.24 | DS13: =12*'EQUIP SUM (UNCLASS)'!AD13 -> 9.24 | DT13: =12*'EQUIP SUM (UNCLASS)'!AD13 -> 9.24
B14: LAR BN | C14: 0 | F14: CL II LBS PMD (NE ASIA) | G14: 13.59 | I14: B0055 | J14: BATH UNIT, PORTABLE | K14: UT | L14: =(CX14*'EQUIP SUM (UNCLASS)'!M14)+(CY14*'EQUIP SUM (UNCLASS)'!N14)+(CZ14*'EQUIP SUM (UNCLASS)'!I14)+(DA14*'EQUIP SUM (UNCLASS)'!Q14)+(DB14*'EQUIP SUM (UNCLASS)'!E14)+(DC14*'EQUIP SUM (UNCLASS)'!H14)+(DD14*'EQUIP SUM (UNCLASS)'!D14)+(DE14*'EQUIP SUM (UNCLASS)'!F14)+(DF14*'EQUIP SUM (UNCLASS)'!G14)+(DG14*'EQUIP SUM (UNCLASS)'!J14)+(DH14*'EQUIP SUM (UNCLASS)'!L14)+(DI14*'EQUIP SUM (UNCLASS)'!K14)+(DJ14*'EQUIP SUM (UNCLASS)'!T14) -> 0 | M14: ='EQUIP SUM (UNCLASS)'!R14+'EQUIP SUM (UNCLASS)'!S14 -> 0 | N14: ='EQUIP SUM (UNCLASS)'!R14 -> 0 | O14: ='EQUIP SUM (UNCLASS)'!S14:S176 -> 0 | P14: 0 | Q14: 0 | R14: =N14-P14 -> 0 | S14: =O14-Q14 -> 0 | T14: =R14+S14 -> 0 | U14: =L14-P14-Q14 -> 0 | W14: 0 | X14: 0 | Y14: =W14+X14 -> 0 | AA14: =W14*'EQUIP SUM (UNCLASS)'!Z14 -> 0 | AB14: =X14*'EQUIP SUM (UNCLASS)'!Z14 -> 0 | AC14: =W14*'EQUIP SUM (UNCLASS)'!AA14 -> 0 | AD14: =X14*'EQUIP SUM (UNCLASS)'!AA14 -> 0 | AE14: =W14*'EQUIP SUM (UNCLASS)'!AB14 -> 0 | AF14: =X14*'EQUIP SUM (UNCLASS)'!AB14 -> 0 | AH14: =W14*'EQUIP SUM (UNCLASS)'!AC14 -> 0 | AI14: =X14*'EQUIP SUM (UNCLASS)'!AC14 -> 0 | AJ14: =W14*DQ14 -> 0 | AK14: =X14*DR14 -> 0 | AL14: =W14*DS14 -> 0 | AM14: =X14*DT14 -> 0 | AO14: =W14*'EQUIP SUM (UNCLASS)'!AE14 -> 0 | AP14: =X14*'EQUIP SUM (UNCLASS)'!AE14 -> 0 | AQ14: =W14*'EQUIP SUM (UNCLASS)'!AF14 -> 0 | AR14: =X14*'EQUIP SUM (UNCLASS)'!AF14 -> 0 | AS14: =W14*'EQUIP SUM (UNCLASS)'!AG14 -> 0 | AT14: =X14*'EQUIP SUM (UNCLASS)'!AG14 -> 0 | AU14: =W14*'EQUIP SUM (UNCLASS)'!AH14 -> 0 | AV14: =X14*'EQUIP SUM (UNCLASS)'!AH14 -> 0 | AW14: =W14*'EQUIP SUM (UNCLASS)'!AI14/2000 -> 0 | AX14: =X14*'EQUIP SUM (UNCLASS)'!AI14/2000 -> 0 | AY14: =W14*'EQUIP SUM (UNCLASS)'!AJ14 -> 0 | AZ14: =X14*'EQUIP SUM (UNCLASS)'!AJ14 -> 0 | BA14: =W14*'EQUIP SUM (UNCLASS)'!AK14 -> 0 | BB14: =X14*'EQUIP SUM (UNCLASS)'!AK14 -> 0 | BC14: =W14*'EQUIP SUM (UNCLASS)'!AL14 -> 0 | BD14: =X14*'EQUIP SUM (UNCLASS)'!AL14 -> 0 | BE14: =W14*'EQUIP SUM (UNCLASS)'!AM14 -> 0 | BF14: =X14*'EQUIP SUM (UNCLASS)'!AM14 -> 0 | BH14: =Y14*'EQUIP SUM (UNCLASS)'!AO14 -> 0 | BI14: =Y14*'EQUIP SUM (UNCLASS)'!AP14 -> 0 | BJ14: =Y14*'EQUIP SUM (UNCLASS)'!AQ14 -> 0 | BK14: =Y14*'EQUIP SUM (UNCLASS)'!AR14 -> 0 | BL14: =Y14*'EQUIP SUM (UNCLASS)'!AS14 -> 0 | BM14: =Y14*'EQUIP SUM (UNCLASS)'!AT14 -> 0 | BO14: =W14*'EQUIP SUM (UNCLASS)'!AX14 -> 0 | BP14: =X14*'EQUIP SUM (UNCLASS)'!AX14 -> 0 | BQ14: =W14*'EQUIP SUM (UNCLASS)'!BB14 -> 0 | BR14: =X14*'EQUIP SUM (UNCLASS)'!BB14 -> 0 | CX14: =CX13 -> 0 | CY14: =CY13 -> 0 | CZ14: =CZ13 -> 0 | DA14: =DA13 -> 0 | DB14: =DB13 -> 0 | DC14: =DC13 -> 0 | DD14: =DD13 -> 0 | DE14: =DE13 -> 0 | ... DJ14: =DJ13 -> 0 | DL14: =DL13 -> 3 | DM14: =DM13 -> 18 | DN14: =DN13 -> 3 | DO14: =DO13 -> 12 | DQ14: =12*'EQUIP SUM (UNCLASS)'!AD14 -> 12 | DR14: =12*'EQUIP SUM (UNCLASS)'!AD14 -> 12 | DS14: =12*'EQUIP SUM (UNCLASS)'!AD14 -> 12 | DT14: =12*'EQUIP SUM (UNCLASS)'!AD14 -> 12
B15: TANK BN | C15: 0 | F15: CL IV LBS PMD (NE ASIA) | G15: 9.92 | I15: B0060 | J15: MEDIUM CRAWER TRACTOR (MCT) JOHN DEER | K15: HE | L15: =(CX15*'EQUIP SUM (UNCLASS)'!M15)+(CY15*'EQUIP SUM (UNCLASS)'!N15)+(CZ15*'EQUIP SUM (UNCLASS)'!I15)+(DA15*'EQUIP SUM (UNCLASS)'!Q15)+(DB15*'EQUIP SUM (UNCLASS)'!E15)+(DC15*'EQUIP SUM (UNCLASS)'!H15)+(DD15*'EQUIP SUM (UNCLASS)'!D15)+(DE15*'EQUIP SUM (UNCLASS)'!F15)+(DF15*'EQUIP SUM (UNCLASS)'!G15)+(DG15*'EQUIP SUM (UNCLASS)'!J15)+(DH15*'EQUIP SUM (UNCLASS)'!L15)+(DI15*'EQUIP SUM (UNCLASS)'!K15)+(DJ15*'EQUIP SUM (UNCLASS)'!T15) -> 0 | M15: ='EQUIP SUM (UNCLASS)'!R15+'EQUIP SUM (UNCLASS)'!S15 -> 10 | N15: ='EQUIP SUM (UNCLASS)'!R15 -> 5 | O15: ='EQUIP SUM (UNCLASS)'!S15:S177 -> 5 | P15: 5 | Q15: 0 | R15: =N15-P15 -> 0 | S15: =O15-Q15 -> 5 | T15: =R15+S15 -> 5 | U15: =L15-P15-Q15 -> -5 | W15: 0 | X15: 0 | Y15: =W15+X15 -> 0 | AA15: =W15*'EQUIP SUM (UNCLASS)'!Z15 -> 0 | AB15: =X15*'EQUIP SUM (UNCLASS)'!Z15 -> 0 | AC15: =W15*'EQUIP SUM (UNCLASS)'!AA15 -> 0 | AD15: =X15*'EQUIP SUM (UNCLASS)'!AA15 -> 0 | AE15: =W15*'EQUIP SUM (UNCLASS)'!AB15 -> 0 | AF15: =X15*'EQUIP SUM (UNCLASS)'!AB15 -> 0 | AH15: =W15*'EQUIP SUM (UNCLASS)'!AC15 -> 0 | AI15: =X15*'EQUIP SUM (UNCLASS)'!AC15 -> 0 | AJ15: =W15*DQ15 -> 0 | AK15: =X15*DR15 -> 0 | AL15: =W15*DS15 -> 0 | AM15: =X15*DT15 -> 0 | AO15: =W15*'EQUIP SUM (UNCLASS)'!AE15 -> 0 | AP15: =X15*'EQUIP SUM (UNCLASS)'!AE15 -> 0 | AQ15: =W15*'EQUIP SUM (UNCLASS)'!AF15 -> 0 | AR15: =X15*'EQUIP SUM (UNCLASS)'!AF15 -> 0 | AS15: =W15*'EQUIP SUM (UNCLASS)'!AG15 -> 0 | AT15: =X15*'EQUIP SUM (UNCLASS)'!AG15 -> 0 | AU15: =W15*'EQUIP SUM (UNCLASS)'!AH15 -> 0 | AV15: =X15*'EQUIP SUM (UNCLASS)'!AH15 -> 0 | AW15: =W15*'EQUIP SUM (UNCLASS)'!AI15/2000 -> 0 | AX15: =X15*'EQUIP SUM (UNCLASS)'!AI15/2000 -> 0 | AY15: =W15*'EQUIP SUM (UNCLASS)'!AJ15 -> 0 | AZ15: =X15*'EQUIP SUM (UNCLASS)'!AJ15 -> 0 | BA15: =W15*'EQUIP SUM (UNCLASS)'!AK15 -> 0 | BB15: =X15*'EQUIP SUM (UNCLASS)'!AK15 -> 0 | BC15: =W15*'EQUIP SUM (UNCLASS)'!AL15 -> 0 | BD15: =X15*'EQUIP SUM (UNCLASS)'!AL15 -> 0 | BE15: =W15*'EQUIP SUM (UNCLASS)'!AM15 -> 0 | BF15: =X15*'EQUIP SUM (UNCLASS)'!AM15 -> 0 | BH15: =Y15*'EQUIP SUM (UNCLASS)'!AO15 -> 0 | BI15: =Y15*'EQUIP SUM (UNCLASS)'!AP15 -> 0 | BJ15: =Y15*'EQUIP SUM (UNCLASS)'!AQ15 -> 0 | BK15: =Y15*'EQUIP SUM (UNCLASS)'!AR15 -> 0 | BL15: =Y15*'EQUIP SUM (UNCLASS)'!AS15 -> 0 | BM15: =Y15*'EQUIP SUM (UNCLASS)'!AT15 -> 0 | BO15: =W15*'EQUIP SUM (UNCLASS)'!AX15 -> 0 | BP15: =X15*'EQUIP SUM (UNCLASS)'!AX15 -> 0 | BQ15: =W15*'EQUIP SUM (UNCLASS)'!BB15 -> 0 | BR15: =X15*'EQUIP SUM (UNCLASS)'!BB15 -> 0 | CX15: =CX13 -> 0 | CY15: =CY13 -> 0 | CZ15: =CZ13 -> 0 | DA15: =DA13 -> 0 | DB15: =DB13 -> 0 | DC15: =DC13 -> 0 | DD15: =DD13 -> 0 | DE15: =DE13 -> 0 | ... DJ15: =DJ13 -> 0 | DL15: =DL14 -> 3 | DM15: =DM14 -> 18 | DN15: =DN14 -> 3 | DO15: =DO14 -> 12 | DQ15: =DM15*'EQUIP SUM (UNCLASS)'!AD15 -> 126 | DR15: =DM15*'EQUIP SUM (UNCLASS)'!AD15 -> 126 | DS15: =DO15*'EQUIP SUM (UNCLASS)'!AD15 -> 84 | DT15: =DO15*'EQUIP SUM (UNCLASS)'!AD15 -> 84
B16: RECON BN | C16: 0 | F16: CL VI LBS PMD (TEMPERATE) | G16: 2.06 | I16: B0063 | J16: TRAM 10K FORKLIFT | K16: MHE | L16: =(CX16*'EQUIP SUM (UNCLASS)'!M16)+(CY16*'EQUIP SUM (UNCLASS)'!N16)+(CZ16*'EQUIP SUM (UNCLASS)'!I16)+(DA16*'EQUIP SUM (UNCLASS)'!Q16)+(DB16*'EQUIP SUM (UNCLASS)'!E16)+(DC16*'EQUIP SUM (UNCLASS)'!H16)+(DD16*'EQUIP SUM (UNCLASS)'!D16)+(DE16*'EQUIP SUM (UNCLASS)'!F16)+(DF16*'EQUIP SUM (UNCLASS)'!G16)+(DG16*'EQUIP SUM (UNCLASS)'!J16)+(DH16*'EQUIP SUM (UNCLASS)'!L16)+(DI16*'EQUIP SUM (UNCLASS)'!K16)+(DJ16*'EQUIP SUM (UNCLASS)'!T16) -> 0 | M16: ='EQUIP SUM (UNCLASS)'!R16+'EQUIP SUM (UNCLASS)'!S16 -> 21 | N16: ='EQUIP SUM (UNCLASS)'!R16 -> 11 | O16: ='EQUIP SUM (UNCLASS)'!S16:S178 -> 10 | P16: 11 | Q16: 2 | R16: =N16-P16 -> 0 | S16: =O16-Q16 -> 8 | T16: =R16+S16 -> 8 | U16: =L16-P16-Q16 -> -13 | W16: 0 | X16: 0 | Y16: =W16+X16 -> 0 | AA16: =W16*'EQUIP SUM (UNCLASS)'!Z16 -> 0 | AB16: =X16*'EQUIP SUM (UNCLASS)'!Z16 -> 0 | AC16: =W16*'EQUIP SUM (UNCLASS)'!AA16 -> 0 | AD16: =X16*'EQUIP SUM (UNCLASS)'!AA16 -> 0 | AE16: =W16*'EQUIP SUM (UNCLASS)'!AB16 -> 0 | AF16: =X16*'EQUIP SUM (UNCLASS)'!AB16 -> 0 | AH16: =W16*'EQUIP SUM (UNCLASS)'!AC16 -> 0 | AI16: =X16*'EQUIP SUM (UNCLASS)'!AC16 -> 0 | AJ16: =W16*DQ16 -> 0 | AK16: =X16*DR16 -> 0 | AL16: =W16*DS16 -> 0 | AM16: =X16*DT16 -> 0 | AO16: =W16*'EQUIP SUM (UNCLASS)'!AE16 -> 0 | AP16: =X16*'EQUIP SUM (UNCLASS)'!AE16 -> 0 | AQ16: =W16*'EQUIP SUM (UNCLASS)'!AF16 -> 0 | AR16: =X16*'EQUIP SUM (UNCLASS)'!AF16 -> 0 | AS16: =W16*'EQUIP SUM (UNCLASS)'!AG16 -> 0 | AT16: =X16*'EQUIP SUM (UNCLASS)'!AG16 -> 0 | AU16: =W16*'EQUIP SUM (UNCLASS)'!AH16 -> 0 | AV16: =X16*'EQUIP SUM (UNCLASS)'!AH16 -> 0 | AW16: =W16*'EQUIP SUM (UNCLASS)'!AI16/2000 -> 0 | AX16: =X16*'EQUIP SUM (UNCLASS)'!AI16/2000 -> 0 | AY16: =W16*'EQUIP SUM (UNCLASS)'!AJ16 -> 0 | AZ16: =X16*'EQUIP SUM (UNCLASS)'!AJ16 -> 0 | BA16: =W16*'EQUIP SUM (UNCLASS)'!AK16 -> 0 | BB16: =X16*'EQUIP SUM (UNCLASS)'!AK16 -> 0 | BC16: =W16*'EQUIP SUM (UNCLASS)'!AL16 -> 0 | BD16: =X16*'EQUIP SUM (UNCLASS)'!AL16 -> 0 | BE16: =W16*'EQUIP SUM (UNCLASS)'!AM16 -> 0 | BF16: =X16*'EQUIP SUM (UNCLASS)'!AM16 -> 0 | BH16: =Y16*'EQUIP SUM (UNCLASS)'!AO16 -> 0 | BI16: =Y16*'EQUIP SUM (UNCLASS)'!AP16 -> 0 | BJ16: =Y16*'EQUIP SUM (UNCLASS)'!AQ16 -> 0 | BK16: =Y16*'EQUIP SUM (UNCLASS)'!AR16 -> 0 | BL16: =Y16*'EQUIP SUM (UNCLASS)'!AS16 -> 0 | BM16: =Y16*'EQUIP SUM (UNCLASS)'!AT16 -> 0 | BO16: =W16*'EQUIP SUM (UNCLASS)'!AX16 -> 0 | BP16: =X16*'EQUIP SUM (UNCLASS)'!AX16 -> 0 | BQ16: =W16*'EQUIP SUM (UNCLASS)'!BB16 -> 0 | BR16: =X16*'EQUIP SUM (UNCLASS)'!BB16 -> 0 | CX16: =CX15 -> 0 | CY16: =CY15 -> 0 | CZ16: =CZ15 -> 0 | DA16: =DA15 -> 0 | DB16: =DB15 -> 0 | DC16: =DC15 -> 0 | DD16: =DD15 -> 0 | DE16: =DE15 -> 0 | ... DJ16: =DJ15 -> 0 | DL16: =DL15 -> 3 | DM16: =DM15 -> 18 | DN16: =DN15 -> 3 | DO16: =DO15 -> 12 | DQ16: =DM16*'EQUIP SUM (UNCLASS)'!AD16 -> 144 | DR16: =DM16*'EQUIP SUM (UNCLASS)'!AD16 -> 144 | DS16: =DO16*'EQUIP SUM (UNCLASS)'!AD16 -> 96 | DT16: =DO16*'EQUIP SUM (UNCLASS)'!AD16 -> 96
B17: OTHER | C17: 0 | F17: CL VIII LBS PMD (NE ASIA) | G17: 1.1 | I17: B0066 | J17: CONTAINERIZED BATCH LAUNDRY UNIT (CBU) | K17: UT | L17: =(CX17*'EQUIP SUM (UNCLASS)'!M17)+(CY17*'EQUIP SUM (UNCLASS)'!N17)+(CZ17*'EQUIP SUM (UNCLASS)'!I17)+(DA17*'EQUIP SUM (UNCLASS)'!Q17)+(DB17*'EQUIP SUM (UNCLASS)'!E17)+(DC17*'EQUIP SUM (UNCLASS)'!H17)+(DD17*'EQUIP SUM (UNCLASS)'!D17)+(DE17*'EQUIP SUM (UNCLASS)'!F17)+(DF17*'EQUIP SUM (UNCLASS)'!G17)+(DG17*'EQUIP SUM (UNCLASS)'!J17)+(DH17*'EQUIP SUM (UNCLASS)'!L17)+(DI17*'EQUIP SUM (UNCLASS)'!K17)+(DJ17*'EQUIP SUM (UNCLASS)'!T17) -> 0 | M17: ='EQUIP SUM (UNCLASS)'!R17+'EQUIP SUM (UNCLASS)'!S17 -> 0 | N17: ='EQUIP SUM (UNCLASS)'!R17 -> 0 | O17: ='EQUIP SUM (UNCLASS)'!S17:S179 -> 0 | P17: 0 | Q17: 0 | R17: =N17-P17 -> 0 | S17: =O17-Q17 -> 0 | T17: =R17+S17 -> 0 | U17: =L17-P17-Q17 -> 0 | W17: 0 | X17: 0 | Y17: =W17+X17 -> 0 | AA17: =W17*'EQUIP SUM (UNCLASS)'!Z17 -> 0 | AB17: =X17*'EQUIP SUM (UNCLASS)'!Z17 -> 0 | AC17: =W17*'EQUIP SUM (UNCLASS)'!AA17 -> 0 | AD17: =X17*'EQUIP SUM (UNCLASS)'!AA17 -> 0 | AE17: =W17*'EQUIP SUM (UNCLASS)'!AB17 -> 0 | AF17: =X17*'EQUIP SUM (UNCLASS)'!AB17 -> 0 | AH17: =W17*'EQUIP SUM (UNCLASS)'!AC17 -> 0 | AI17: =X17*'EQUIP SUM (UNCLASS)'!AC17 -> 0 | AJ17: =W17*DQ17 -> 0 | AK17: =X17*DR17 -> 0 | AL17: =W17*DS17 -> 0 | AM17: =X17*DT17 -> 0 | AO17: =W17*'EQUIP SUM (UNCLASS)'!AE17 -> 0 | AP17: =X17*'EQUIP SUM (UNCLASS)'!AE17 -> 0 | AQ17: =W17*'EQUIP SUM (UNCLASS)'!AF17 -> 0 | AR17: =X17*'EQUIP SUM (UNCLASS)'!AF17 -> 0 | AS17: =W17*'EQUIP SUM (UNCLASS)'!AG17 -> 0 | AT17: =X17*'EQUIP SUM (UNCLASS)'!AG17 -> 0 | AU17: =W17*'EQUIP SUM (UNCLASS)'!AH17 -> 0 | AV17: =X17*'EQUIP SUM (UNCLASS)'!AH17 -> 0 | AW17: =W17*'EQUIP SUM (UNCLASS)'!AI17/2000 -> 0 | AX17: =X17*'EQUIP SUM (UNCLASS)'!AI17/2000 -> 0 | AY17: =W17*'EQUIP SUM (UNCLASS)'!AJ17 -> 0 | AZ17: =X17*'EQUIP SUM (UNCLASS)'!AJ17 -> 0 | BA17: =W17*'EQUIP SUM (UNCLASS)'!AK17 -> 0 | BB17: =X17*'EQUIP SUM (UNCLASS)'!AK17 -> 0 | BC17: =W17*'EQUIP SUM (UNCLASS)'!AL17 -> 0 | BD17: =X17*'EQUIP SUM (UNCLASS)'!AL17 -> 0 | BE17: =W17*'EQUIP SUM (UNCLASS)'!AM17 -> 0 | BF17: =X17*'EQUIP SUM (UNCLASS)'!AM17 -> 0 | BH17: =Y17*'EQUIP SUM (UNCLASS)'!AO17 -> 0 | BI17: =Y17*'EQUIP SUM (UNCLASS)'!AP17 -> 0 | BJ17: =Y17*'EQUIP SUM (UNCLASS)'!AQ17 -> 0 | BK17: =Y17*'EQUIP SUM (UNCLASS)'!AR17 -> 0 | BL17: =Y17*'EQUIP SUM (UNCLASS)'!AS17 -> 0 | BM17: =Y17*'EQUIP SUM (UNCLASS)'!AT17 -> 0 | BO17: =W17*'EQUIP SUM (UNCLASS)'!AX17 -> 0 | BP17: =X17*'EQUIP SUM (UNCLASS)'!AX17 -> 0 | BQ17: =W17*'EQUIP SUM (UNCLASS)'!BB17 -> 0 | BR17: =X17*'EQUIP SUM (UNCLASS)'!BB17 -> 0 | CX17: =CX15 -> 0 | CY17: =CY15 -> 0 | CZ17: =CZ15 -> 0 | DA17: =DA15 -> 0 | DB17: =DB15 -> 0 | DC17: =DC15 -> 0 | DD17: =DD15 -> 0 | DE17: =DE15 -> 0 | ... DJ17: =DJ15 -> 0 | DL17: =DL16 -> 3 | DM17: =DM16 -> 18 | DN17: =DN16 -> 3 | DO17: =DO16 -> 12 | DQ17: =12*'EQUIP SUM (UNCLASS)'!AD17 -> 0 | DR17: =12*'EQUIP SUM (UNCLASS)'!AD17 -> 0 | DS17: =12*'EQUIP SUM (UNCLASS)'!AD17 -> 0 | DT17: =12*'EQUIP SUM (UNCLASS)'!AD17 -> 0
I18: B0071 | J18: LTWT WATER PUR SYS (LWPS) | K18: UT | L18: =(CX18*'EQUIP SUM (UNCLASS)'!M18)+(CY18*'EQUIP SUM (UNCLASS)'!N18)+(CZ18*'EQUIP SUM (UNCLASS)'!I18)+(DA18*'EQUIP SUM (UNCLASS)'!Q18)+(DB18*'EQUIP SUM (UNCLASS)'!E18)+(DC18*'EQUIP SUM (UNCLASS)'!H18)+(DD18*'EQUIP SUM (UNCLASS)'!D18)+(DE18*'EQUIP SUM (UNCLASS)'!F18)+(DF18*'EQUIP SUM (UNCLASS)'!G18)+(DG18*'EQUIP SUM (UNCLASS)'!J18)+(DH18*'EQUIP SUM (UNCLASS)'!L18)+(DI18*'EQUIP SUM (UNCLASS)'!K18)+(DJ18*'EQUIP SUM (UNCLASS)'!T18) -> 0 | M18: ='EQUIP SUM (UNCLASS)'!R18+'EQUIP SUM (UNCLASS)'!S18 -> 0 | N18: ='EQUIP SUM (UNCLASS)'!R18 -> 0 | O18: ='EQUIP SUM (UNCLASS)'!S18:S180 -> 0 | P18: 0 | Q18: 0 | R18: =N18-P18 -> 0 | S18: =O18-Q18 -> 0 | T18: =R18+S18 -> 0 | U18: =L18-P18-Q18 -> 0 | W18: 0 | X18: 0 | Y18: =W18+X18 -> 0 | AA18: =W18*'EQUIP SUM (UNCLASS)'!Z18 -> 0 | AB18: =X18*'EQUIP SUM (UNCLASS)'!Z18 -> 0 | AC18: =W18*'EQUIP SUM (UNCLASS)'!AA18 -> 0 | AD18: =X18*'EQUIP SUM (UNCLASS)'!AA18 -> 0 | AE18: =W18*'EQUIP SUM (UNCLASS)'!AB18 -> 0 | AF18: =X18*'EQUIP SUM (UNCLASS)'!AB18 -> 0 | AH18: =W18*'EQUIP SUM (UNCLASS)'!AC18 -> 0 | AI18: =X18*'EQUIP SUM (UNCLASS)'!AC18 -> 0 | AJ18: =W18*DQ18 -> 0 | AK18: =X18*DR18 -> 0 | AL18: =W18*DS18 -> 0 | AM18: =X18*DT18 -> 0 | AO18: =W18*'EQUIP SUM (UNCLASS)'!AE18 -> 0 | AP18: =X18*'EQUIP SUM (UNCLASS)'!AE18 -> 0 | AQ18: =W18*'EQUIP SUM (UNCLASS)'!AF18 -> 0 | AR18: =X18*'EQUIP SUM (UNCLASS)'!AF18 -> 0 | AS18: =W18*'EQUIP SUM (UNCLASS)'!AG18 -> 0 | AT18: =X18*'EQUIP SUM (UNCLASS)'!AG18 -> 0 | AU18: =W18*'EQUIP SUM (UNCLASS)'!AH18 -> 0 | AV18: =X18*'EQUIP SUM (UNCLASS)'!AH18 -> 0 | AW18: =W18*'EQUIP SUM (UNCLASS)'!AI18/2000 -> 0 | AX18: =X18*'EQUIP SUM (UNCLASS)'!AI18/2000 -> 0 | AY18: =W18*'EQUIP SUM (UNCLASS)'!AJ18 -> 0 | AZ18: =X18*'EQUIP SUM (UNCLASS)'!AJ18 -> 0 | BA18: =W18*'EQUIP SUM (UNCLASS)'!AK18 -> 0 | BB18: =X18*'EQUIP SUM (UNCLASS)'!AK18 -> 0 | BC18: =W18*'EQUIP SUM (UNCLASS)'!AL18 -> 0 | BD18: =X18*'EQUIP SUM (UNCLASS)'!AL18 -> 0 | BE18: =W18*'EQUIP SUM (UNCLASS)'!AM18 -> 0 | BF18: =X18*'EQUIP SUM (UNCLASS)'!AM18 -> 0 | BH18: =Y18*'EQUIP SUM (UNCLASS)'!AO18 -> 0 | BI18: =Y18*'EQUIP SUM (UNCLASS)'!AP18 -> 0 | BJ18: =Y18*'EQUIP SUM (UNCLASS)'!AQ18 -> 0 | BK18: =Y18*'EQUIP SUM (UNCLASS)'!AR18 -> 0 | BL18: =Y18*'EQUIP SUM (UNCLASS)'!AS18 -> 0 | BM18: =Y18*'EQUIP SUM (UNCLASS)'!AT18 -> 0 | BO18: =W18*'EQUIP SUM (UNCLASS)'!AX18 -> 0 | BP18: =X18*'EQUIP SUM (UNCLASS)'!AX18 -> 0 | BQ18: =W18*'EQUIP SUM (UNCLASS)'!BB18 -> 0 | BR18: =X18*'EQUIP SUM (UNCLASS)'!BB18 -> 0 | CX18: =CX17 -> 0 | CY18: =CY17 -> 0 | CZ18: =CZ17 -> 0 | DA18: =DA17 -> 0 | DB18: =DB17 -> 0 | DC18: =DC17 -> 0 | DD18: =DD17 -> 0 | DE18: =DE17 -> 0 | ... DJ18: =DJ17 -> 0 | DL18: =DL17 -> 3 | DM18: =DM17 -> 18 | DN18: =DN17 -> 3 | DO18: =DO17 -> 12 | DQ18: =12*'EQUIP SUM (UNCLASS)'!AD18 -> 6 | DR18: =12*'EQUIP SUM (UNCLASS)'!AD18 -> 6 | DS18: =12*'EQUIP SUM (UNCLASS)'!AD18 -> 6 | DT18: =12*'EQUIP SUM (UNCLASS)'!AD18 -> 6
A19: PLANNING FACTORS SECTION | I19: B0075 | J19: SMALL FIELD REFRIGERATION SYS (SFRS) | K19: UT | L19: =(CX19*'EQUIP SUM (UNCLASS)'!M19)+(CY19*'EQUIP SUM (UNCLASS)'!N19)+(CZ19*'EQUIP SUM (UNCLASS)'!I19)+(DA19*'EQUIP SUM (UNCLASS)'!Q19)+(DB19*'EQUIP SUM (UNCLASS)'!E19)+(DC19*'EQUIP SUM (UNCLASS)'!H19)+(DD19*'EQUIP SUM (UNCLASS)'!D19)+(DE19*'EQUIP SUM (UNCLASS)'!F19)+(DF19*'EQUIP SUM (UNCLASS)'!G19)+(DG19*'EQUIP SUM (UNCLASS)'!J19)+(DH19*'EQUIP SUM (UNCLASS)'!L19)+(DI19*'EQUIP SUM (UNCLASS)'!K19)+(DJ19*'EQUIP SUM (UNCLASS)'!T19) -> 0 | M19: ='EQUIP SUM (UNCLASS)'!R19+'EQUIP SUM (UNCLASS)'!S19 -> 18 | N19: ='EQUIP SUM (UNCLASS)'!R19 -> 9 | O19: ='EQUIP SUM (UNCLASS)'!S19:S181 -> 9 | P19: 6 | Q19: 0 | R19: =N19-P19 -> 3 | S19: =O19-Q19 -> 9 | T19: =R19+S19 -> 12 | U19: =L19-P19-Q19 -> -6 | W19: 0 | X19: 0 | Y19: =W19+X19 -> 0 | AA19: =W19*'EQUIP SUM (UNCLASS)'!Z19 -> 0 | AB19: =X19*'EQUIP SUM (UNCLASS)'!Z19 -> 0 | AC19: =W19*'EQUIP SUM (UNCLASS)'!AA19 -> 0 | AD19: =X19*'EQUIP SUM (UNCLASS)'!AA19 -> 0 | AE19: =W19*'EQUIP SUM (UNCLASS)'!AB19 -> 0 | AF19: =X19*'EQUIP SUM (UNCLASS)'!AB19 -> 0 | AH19: =W19*'EQUIP SUM (UNCLASS)'!AC19 -> 0 | AI19: =X19*'EQUIP SUM (UNCLASS)'!AC19 -> 0 | AJ19: =W19*DQ19 -> 0 | AK19: =X19*DR19 -> 0 | AL19: =W19*DS19 -> 0 | AM19: =X19*DT19 -> 0 | AO19: =W19*'EQUIP SUM (UNCLASS)'!AE19 -> 0 | AP19: =X19*'EQUIP SUM (UNCLASS)'!AE19 -> 0 | AQ19: =W19*'EQUIP SUM (UNCLASS)'!AF19 -> 0 | AR19: =X19*'EQUIP SUM (UNCLASS)'!AF19 -> 0 | AS19: =W19*'EQUIP SUM (UNCLASS)'!AG19 -> 0 | AT19: =X19*'EQUIP SUM (UNCLASS)'!AG19 -> 0 | AU19: =W19*'EQUIP SUM (UNCLASS)'!AH19 -> 0 | AV19: =X19*'EQUIP SUM (UNCLASS)'!AH19 -> 0 | AW19: =W19*'EQUIP SUM (UNCLASS)'!AI19/2000 -> 0 | AX19: =X19*'EQUIP SUM (UNCLASS)'!AI19/2000 -> 0 | AY19: =W19*'EQUIP SUM (UNCLASS)'!AJ19 -> 0 | AZ19: =X19*'EQUIP SUM (UNCLASS)'!AJ19 -> 0 | BA19: =W19*'EQUIP SUM (UNCLASS)'!AK19 -> 0 | BB19: =X19*'EQUIP SUM (UNCLASS)'!AK19 -> 0 | BC19: =W19*'EQUIP SUM (UNCLASS)'!AL19 -> 0 | BD19: =X19*'EQUIP SUM (UNCLASS)'!AL19 -> 0 | BE19: =W19*'EQUIP SUM (UNCLASS)'!AM19 -> 0 | BF19: =X19*'EQUIP SUM (UNCLASS)'!AM19 -> 0 | BH19: =Y19*'EQUIP SUM (UNCLASS)'!AO19 -> 0 | BI19: =Y19*'EQUIP SUM (UNCLASS)'!AP19 -> 0 | BJ19: =Y19*'EQUIP SUM (UNCLASS)'!AQ19 -> 0 | BK19: =Y19*'EQUIP SUM (UNCLASS)'!AR19 -> 0 | BL19: =Y19*'EQUIP SUM (UNCLASS)'!AS19 -> 0 | BM19: =Y19*'EQUIP SUM (UNCLASS)'!AT19 -> 0 | BO19: =W19*'EQUIP SUM (UNCLASS)'!AX19 -> 0 | BP19: =X19*'EQUIP SUM (UNCLASS)'!AX19 -> 0 | BQ19: =W19*'EQUIP SUM (UNCLASS)'!BB19 -> 0 | BR19: =X19*'EQUIP SUM (UNCLASS)'!BB19 -> 0 | CX19: =CX17 -> 0 | CY19: =CY17 -> 0 | CZ19: =CZ17 -> 0 | DA19: =DA17 -> 0 | DB19: =DB17 -> 0 | DC19: =DC17 -> 0 | DD19: =DD17 -> 0 | DE19: =DE17 -> 0 | ... DJ19: =DJ17 -> 0 | DL19: =DL18 -> 3 | DM19: =DM18 -> 18 | DN19: =DN18 -> 3 | DO19: =DO18 -> 12 | DQ19: =12*'EQUIP SUM (UNCLASS)'!AD19 -> 0 | DR19: =12*'EQUIP SUM (UNCLASS)'!AD19 -> 0 | DS19: =12*'EQUIP SUM (UNCLASS)'!AD19 -> 0 | DT19: =12*'EQUIP SUM (UNCLASS)'!AD19 -> 0
